,gorillas.x,gorillas.y,Lattitude,Longitude,geometry
0,582518.4,676886.25,6.123250375413628,9.745778041663817,POINT (9.745778041663817 6.123250375413628)
1,581822.97,677422.68,6.128111361690961,9.739499975262286,POINT (9.739499975262286 6.128111361690961)
2,582131.04,676937.89,6.123722339538323,9.742278035974307,POINT (9.742278035974307 6.123722339538323)
3,582111.89,677419.98,6.128083331413852,9.742110995503783,POINT (9.742110995503783 6.128083331413852)
4,582585.14,677509.74,6.128889319671627,9.74638901787365,POINT (9.74638901787365 6.128889319671627)
5,582302.29,677521.62,6.1290003329137,9.74383296785583,POINT (9.74383296785583 6.1290003329137)
6,583167.16,676730.5,6.1218333590805125,9.75163904113358,POINT (9.751639041133579 6.121833359080513)
7,583584.54,677207.12,6.126139324372261,9.75541702908038,POINT (9.75541702908038 6.126139324372261)
8,583117.75,676850.27,6.122917363461789,9.751194028486811,POINT (9.751194028486811 6.122917363461789)
9,582902.81,676724.05,6.121778355739438,9.74924998524144,POINT (9.749249985241439 6.121778355739438)
10,583194.96,676632.26,6.120944377614522,9.751889031799955,POINT (9.751889031799955 6.120944377614522)
11,582615.91,677500.61,6.128806347007759,9.74666698053774,POINT (9.746666980537739 6.128806347007759)
12,582108.71,677478.35,6.128611357873821,9.7420829863448,POINT (9.7420829863448 6.128611357873821)
13,581974.91,676455.56,6.1193613642068225,9.740861044803925,POINT (9.740861044803925 6.119361364206823)
14,582243.73,677702.74,6.130639389968657,9.74330601120211,POINT (9.74330601120211 6.130639389968657)
15,581947.83,678276.53,6.135833318406661,9.740639027118506,POINT (9.740639027118506 6.135833318406661)
16,583010.53,676604.36,6.1206943400489715,9.750221958390584,POINT (9.750221958390584 6.120694340048972)
17,583685.86,677234.91,6.126389408042473,9.756333034654624,POINT (9.756333034654624 6.126389408042473)
18,583474.15,677016.6,6.124417381724982,9.754416990296004,POINT (9.754416990296004 6.124417381724982)
19,583846.58,676645.56,6.1210564021868965,9.757777983082628,POINT (9.757777983082628 6.121056402186897)
20,583335.74,677087.05,6.125056394085898,9.753167044217518,POINT (9.753167044217518 6.125056394085898)
21,582512.4,676741.86,6.1219443697234155,9.745722006979603,POINT (9.745722006979603 6.121944369723415)
22,582431.74,677294.51,6.126944383036717,9.744999997047294,POINT (9.744999997047294 6.126944383036717)
23,583542.05,676810.96,6.122556404105198,9.75502800364698,POINT (9.755028003646981 6.122556404105198)
24,582586.77,676336.68,6.118278376393597,9.746389015967024,POINT (9.746389015967024 6.118278376393597)
25,582691.26,676315.27,6.1180833988853065,9.74733303489204,POINT (9.747333034892041 6.118083398885307)
26,582763.89,677159.87,6.125722318272313,9.748000027307357,POINT (9.748000027307357 6.125722318272313)
27,581947.78,678313.46,6.136167369899611,9.740639036421367,POINT (9.740639036421367 6.136167369899611)
28,583937.72,677376.55,6.127667395413205,9.758610959657462,POINT (9.758610959657462 6.127667395413205)
29,583333.61,676396.09,6.1188063467114935,9.753139040990556,POINT (9.753139040990556 6.118806346711493)
30,583591.54,676556.09,6.12025035089546,9.755472014325854,POINT (9.755472014325854 6.12025035089546)
31,583957.02,676802.25,6.122472328939611,9.758778044285691,POINT (9.758778044285691 6.122472328939611)
32,583999.26,677364.36,6.127556343948126,9.759166955927334,POINT (9.759166955927334 6.127556343948126)
33,584236.11,677251.05,6.126528366636634,9.761305974073553,POINT (9.761305974073553 6.126528366636634)
34,584267.52,676719.78,6.121722373956221,9.761583024470767,POINT (9.761583024470767 6.121722373956221)
35,584159.34,677158.74,6.125694363035295,9.76061100463018,POINT (9.76061100463018 6.125694363035295)
36,584283.13,676553.97,6.120222343384252,9.761721969935927,POINT (9.761721969935927 6.120222343384252)
37,583548.11,676832.41,6.122750352805574,9.755083041370884,POINT (9.755083041370884 6.122750352805574)
38,582018.7,678156.9,6.134750317418146,9.741278014059924,POINT (9.741278014059924 6.134750317418146)
39,581499.84,677683.25,6.130472373749435,9.73658298627274,POINT (9.73658298627274 6.130472373749435)
40,581638.46,677459.24,6.128444363121442,9.73783295821416,POINT (9.73783295821416 6.128444363121442)
41,581298.56,676556.01,6.120278386536055,9.734750009730076,POINT (9.734750009730076 6.120278386536055)
42,582271.24,675574.65,6.111389377146707,9.743528014469495,POINT (9.743528014469495 6.111389377146707)
43,583435.27,676254.95,6.117528376538033,9.754055964153748,POINT (9.754055964153748 6.117528376538033)
44,583341.74,677145.32,6.1255833988044195,9.753222006225814,POINT (9.753222006225814 6.125583398804419)
45,582729.41,677602.04,6.129722402855387,9.747693990136622,POINT (9.747693990136622 6.129722402855387)
46,581954.26,678027.8,6.133583347018383,9.740694032068657,POINT (9.740694032068657 6.133583347018383)
47,581440.88,678153.01,6.134722331795413,9.736055971421367,POINT (9.736055971421367 6.134722331795413)
48,581740.26,677223.02,6.126306363164212,9.738750017306819,POINT (9.738750017306819 6.126306363164212)
49,581221.45,676789.28,6.122389391347262,9.734056033576294,POINT (9.734056033576294 6.122389391347262)
50,580849.5,676736.59,6.121917368817268,9.730693995050684,POINT (9.730693995050684 6.121917368817268)
51,582518.42,676870.88,6.123111345693788,9.74577802954559,POINT (9.74577802954559 6.123111345693788)
52,582243.73,677702.74,6.130639389968657,9.74330601120211,POINT (9.74330601120211 6.130639389968657)
53,582228.98,677488.36,6.1287003979746455,9.74317002711991,POINT (9.743170027119911 6.128700397974645)
54,582719.62,677165.12,6.125770364915632,9.747600014936902,POINT (9.747600014936902 6.125770364915632)
55,582251.28,677361.25,6.127550343557884,9.74336996769058,POINT (9.74336996769058 6.127550343557884)
56,582064.33,677324.51,6.127220350730013,9.7416799898441,POINT (9.7416799898441 6.127220350730013)
57,582044.44,677305.69,6.127050362684317,9.741500003513949,POINT (9.741500003513949 6.127050362684317)
58,582242.22,676717.83,6.121730392851073,9.743280041425928,POINT (9.743280041425928 6.121730392851073)
59,582760.42,677265.78,6.126680371238343,9.747970001621642,POINT (9.747970001621642 6.126680371238343)
60,582809.52,677760.02,6.131150400780445,9.748419960177827,POINT (9.748419960177827 6.131150400780445)
61,581820.07,677120.76,6.125380374290092,9.739470008460351,POINT (9.739470008460351 6.125380374290092)
62,581560.89,677301.71,6.1270203858055625,9.737129979395577,POINT (9.737129979395577 6.127020385805563)
63,582610.51,677643.66,6.130100374437831,9.746619978035428,POINT (9.746619978035428 6.130100374437831)
64,582689.19,677560.85,6.129350325429182,9.747329991308009,POINT (9.747329991308009 6.129350325429182)
65,581789.62,677535.29,6.129130393326759,9.739199983337848,POINT (9.739199983337848 6.129130393326759)
66,581582.03,677219.93,6.1262803801501216,9.737320012370343,POINT (9.737320012370343 6.126280380150122)
67,581513.42,677219.83,6.126280327603832,9.736699964203668,POINT (9.736699964203668 6.126280327603832)
68,581148.02,677402.85,6.127940366515189,9.73340000504034,POINT (9.733400005040339 6.127940366515189)
69,581806.41,677393.8,6.1278503334432255,9.739349958137918,POINT (9.739349958137918 6.127850333443225)
70,581480.61,676937.88,6.1237303483506365,9.736399956956049,POINT (9.736399956956049 6.123730348350636)
71,581554.69,676982.2,6.124130326870151,9.737069984300295,POINT (9.737069984300295 6.124130326870151)
72,581430.06,677490.57,6.128730347912012,9.735949972310122,POINT (9.735949972310122 6.128730347912012)
73,580808.36,677368.11,6.1276303141218635,9.730329966484497,POINT (9.730329966484497 6.127630314121864)
74,580797.3,677366.99,6.127620319238186,9.73023000013222,POINT (9.73023000013222 6.127620319238186)
75,581594.54,676973.41,6.124050321850793,9.737430008873101,POINT (9.737430008873101 6.124050321850793)
76,581482.79,676965.52,6.123980339698204,9.736420000620349,POINT (9.736420000620349 6.123980339698204)
77,581231.63,676948.6,6.123830399761196,9.734150000301353,POINT (9.734150000301353 6.123830399761196)
78,581082.51,676753.82,6.122070352555133,9.7327999665572,POINT (9.7327999665572 6.122070352555133)
79,583157.08,676894.88,6.123320385422317,9.751550024921052,POINT (9.751550024921052 6.123320385422317)
80,582850.22,676350.53,6.118400342478836,9.748770017282805,POINT (9.748770017282805 6.118400342478836)
81,582706.36,677151.83,6.125650317165993,9.747480013957665,POINT (9.747480013957665 6.125650317165993)
82,582296.76,676485.74,6.119630336814601,9.743770025870313,POINT (9.743770025870313 6.119630336814601)
83,582290.84,677565.83,6.129400378507697,9.743730044547531,POINT (9.743730044547531 6.129400378507697)
84,581592.5,677653.31,6.130200399343603,9.737420014105261,POINT (9.737420014105261 6.130200399343603)
85,582265.6,677411.02,6.1280003592685555,9.743500004553901,POINT (9.743500004553901 6.128000359268555)
86,582351.93,677392.35,6.127830397228285,9.744279959156698,POINT (9.744279959156698 6.127830397228285)
87,582518.01,677325.14,6.127220363320685,9.745780026187559,POINT (9.745780026187559 6.127220363320685)
88,583580.23,677359.79,6.127520353801827,9.755380020154773,POINT (9.755380020154773 6.127520353801827)
89,583621.48,677142.06,6.1255503547118195,9.75575003658783,POINT (9.75575003658783 6.12555035471182)
90,583805.89,677409.86,6.1279703845615305,9.757420004157327,POINT (9.757420004157327 6.127970384561531)
91,584626.17,676395.04,6.118780339484892,9.76482001659337,POINT (9.764820016593371 6.118780339484892)
92,584277.75,676293.95,6.117870407470945,9.761670020276659,POINT (9.761670020276659 6.117870407470945)
93,584793.37,676314.58,6.118050387046624,9.76632998008632,POINT (9.76632998008632 6.118050387046624)
94,584793.37,676314.58,6.118050387046624,9.76632998008632,POINT (9.76632998008632 6.118050387046624)
95,582880.6,676783.94,6.122320371015436,9.749050024418896,POINT (9.749050024418896 6.122320371015436)
96,582398.73,677159.15,6.125720397149009,9.744699980089873,POINT (9.744699980089873 6.125720397149009)
97,581576.87,677754.99,6.131120342497378,9.737280023484178,POINT (9.737280023484178 6.131120342497378)
98,581905.05,678084.89,6.134100370249512,9.7402500147344,POINT (9.7402500147344 6.134100370249512)
99,581266.89,677866.22,6.132130323178398,9.73448000180114,POINT (9.73448000180114 6.132130323178398)
100,581742.3,677346.18,6.127420384246665,9.738769985137917,POINT (9.738769985137917 6.127420384246665)
101,581143.21,676873.3,6.123150363762463,9.733349998994896,POINT (9.733349998994896 6.123150363762463)
102,580888.58,676969.13,6.124020337525425,9.731050029263981,POINT (9.731050029263981 6.124020337525425)
103,581473.97,677747.11,6.131050342247601,9.736349982477979,POINT (9.736349982477979 6.131050342247601)
104,582670.16,676925.15,6.1236003377844135,9.747150015736151,POINT (9.747150015736151 6.123600337784413)
105,582513.17,676822.12,6.122670352614764,9.74572997249479,POINT (9.745729972494789 6.122670352614764)
106,582709.71,676335.96,6.118270318381947,9.747500029544014,POINT (9.747500029544014 6.118270318381947)
107,582541.33,676469.5,6.119480371554162,9.745980035387332,POINT (9.745980035387332 6.119480371554162)
108,582706.33,676380.18,6.118670353205834,9.747470039805977,POINT (9.747470039805977 6.118670353205834)
109,583513.75,677418.29,6.1280503608397145,9.754779967183499,POINT (9.754779967183499 6.128050360839715)
110,583486.87,676862.17,6.1230203250054425,9.7545299827845,POINT (9.754529982784501 6.123020325005442)
111,582496.79,676667.33,6.121270403871592,9.745580001938459,POINT (9.745580001938459 6.121270403871592)
112,582286.38,676789.75,6.122380393387542,9.743680022940005,POINT (9.743680022940005 6.122380393387542)
113,582116.9,676918.86,6.123550380126602,9.742150012126258,POINT (9.742150012126258 6.123550380126602)
114,583188.01,676929.19,6.123630344837569,9.751829979165038,POINT (9.751829979165038 6.123630344837569)
115,582989.23,676645.9,6.121070359113932,9.750029991183148,POINT (9.750029991183148 6.121070359113932)
116,583275.67,676760.17,6.12210036477791,9.752620039174086,POINT (9.752620039174086 6.12210036477791)
117,582598.06,677049.98,6.124730395279479,9.746500001580468,POINT (9.746500001580468 6.124730395279479)
118,583051.75,677043.98,6.124670401552746,9.750600021073554,POINT (9.750600021073554 6.124670401552746)
119,583929.81,676633.96,6.120950412280098,9.758529995912573,POINT (9.758529995912573 6.120950412280098)
120,583358.61,676795.66,6.122420337752516,9.75337003136966,POINT (9.753370031369659 6.122420337752516)
121,582057.51,677452.74,6.128380342448448,9.74161995690557,POINT (9.74161995690557 6.128380342448448)
122,581957.25,677946.77,6.132850351516891,9.740720042309087,POINT (9.740720042309087 6.132850351516891)
123,582149.46,677374.38,6.127670385953829,9.742449956304469,POINT (9.742449956304469 6.127670385953829)
124,582660.83,677270.06,6.126720340435005,9.74707003545865,POINT (9.74707003545865 6.126720340435005)
125,581940.77,677858.31,6.1320503910235615,9.740570002516957,POINT (9.740570002516957 6.132050391023562)
126,582110.58,677484.88,6.128670401692352,9.742099967696305,POINT (9.742099967696305 6.128670401692352)
127,582858.37,676850.24,6.122920368178082,9.74884996326684,POINT (9.74884996326684 6.122920368178082)
128,581781.06,677321.91,6.127200366772612,9.739119968191963,POINT (9.739119968191963 6.127200366772612)
129,582024.34,677440.54,6.128270401693955,9.741320037573583,POINT (9.741320037573583 6.128270401693955)
130,582396.24,677359.24,6.127530344447132,9.744679985798395,POINT (9.744679985798395 6.127530344447132)
131,581198.84,676652.27,6.121150342214876,9.73385001098534,POINT (9.733850010985339 6.121150342214876)
132,581792.11,677332.98,6.127300363045456,9.739219967897155,POINT (9.739219967897155 6.127300363045456)
133,582141.68,676600.5,6.120670339849885,9.74236997838675,POINT (9.742369978386749 6.120670339849885)
134,582562.81,676932.74,6.12367034314604,9.746179967329958,POINT (9.746179967329958 6.12367034314604)
135,582155.21,677219.61,6.126270339773526,9.742499985942331,POINT (9.742499985942331 6.126270339773526)
136,582269.17,677231.93,6.126380353790185,9.743530025732044,POINT (9.743530025732044 6.126380353790185)
137,581757.76,676567.91,6.120380332872068,9.738900024681822,POINT (9.738900024681822 6.120380332872068)
138,583492.02,677133.03,6.125470320993176,9.754579963689633,POINT (9.754579963689633 6.125470320993176)
139,582280.82,676806.32,6.122530347167169,9.743629983468937,POINT (9.743629983468937 6.122530347167169)
140,581267.93,677105.63,6.125250370612811,9.734479992806339,POINT (9.734479992806339 6.125250370612811)
141,582109.05,676990.71,6.124200398571633,9.742079967221205,POINT (9.742079967221205 6.124200398571633)
142,582476.74,676761.27,6.122120390721267,9.745399984631211,POINT (9.745399984631211 6.122120390721267)
143,582924.77,676845.91,6.122880363472199,9.749449977822515,POINT (9.749449977822515 6.122880363472199)
144,583033.11,676922.34,6.123570342741211,9.750430031336528,POINT (9.750430031336528 6.123570342741211)
145,583033.12,676911.29,6.1234703898516685,9.750429982180842,POINT (9.750429982180842 6.123470389851668)
146,582747.86,676751.69,6.122030326375097,9.747850023757447,POINT (9.747850023757447 6.122030326375097)
147,582087.03,676909.97,6.123470338765743,9.741879959647777,POINT (9.741879959647777 6.123470338765743)
148,581776.2,677642.5,6.130100330770718,9.739080037218418,POINT (9.739080037218418 6.130100330770718)
149,581510.7,676782.04,6.122320320083777,9.736669955528463,POINT (9.736669955528463 6.122320320083777)
150,583951.68,676816.4,6.12260039073505,9.75872996647742,POINT (9.75872996647742 6.12260039073505)
151,582335.38,676565.39,6.120350328364506,9.744120036975358,POINT (9.744120036975358 6.120350328364506)
152,583898.29,677015.32,6.124400400044353,9.75825001035246,POINT (9.758250010352461 6.124400400044353)
153,582219.89,676860.41,6.123020381724537,9.743080023610235,POINT (9.743080023610235 6.123020381724537)
154,582219.89,676860.41,6.123020381724537,9.743080023610235,POINT (9.743080023610235 6.123020381724537)
155,581205.87,677175.19,6.125880345435203,9.733919999996967,POINT (9.733919999996967 6.125880345435203)
156,583865.58,676667.03,6.121250366314561,9.75794996238675,POINT (9.75794996238675 6.121250366314561)
157,583863.35,676681.4,6.121380378374828,9.757929992761245,POINT (9.757929992761245 6.121380378374828)
158,583126.57,676553.23,6.12023037720614,9.751269982719938,POINT (9.751269982719938 6.12023037720614)
159,583539.28,676578.13,6.120450377871198,9.755000013836536,POINT (9.755000013836536 6.120450377871198)
160,583038.68,676895.82,6.123330385712183,9.750480033623754,POINT (9.750480033623754 6.123330385712183)
161,583730.69,676589.45,6.120550337336648,9.7567299550545,POINT (9.756729955054499 6.120550337336648)
162,583093.04,676796.4,6.122430395018911,9.75097003911201,POINT (9.75097003911201 6.122430395018911)
163,583474.37,677095.42,6.125130344465362,9.754419979232072,POINT (9.754419979232072 6.125130344465362)
164,581554.34,677240.89,6.126470318308857,9.737070030513586,POINT (9.737070030513586 6.126470318308857)
165,581283.35,677157.61,6.125720366489304,9.734619990010396,POINT (9.734619990010396 6.125720366489304)
166,582372.12,676402.93,6.118880334080566,9.744450028252917,POINT (9.744450028252917 6.118880334080566)
167,583553.35,676801.46,6.12247032827772,9.755130002953448,POINT (9.755130002953448 6.12247032827772)
168,583997.67,677164.7,6.125750343830418,9.759150035004627,POINT (9.759150035004627 6.125750343830418)
169,583553.6,676620.16,6.120830377808767,9.75512995935027,POINT (9.75512995935027 6.120830377808767)
170,583967.15,676830.79,6.1227303575453735,9.758869955069645,POINT (9.758869955069645 6.122730357545374)
171,583107.32,676868.28,6.1230804048084595,9.751099998274649,POINT (9.751099998274649 6.123080404808459)
172,581343.7,677531.36,6.129100385765656,9.735170015097319,POINT (9.735170015097319 6.129100385765656)
173,581315.14,676569.52,6.1204003865917205,9.734900012999315,POINT (9.734900012999315 6.12040038659172)
174,581377.18,677324.67,6.127230350547879,9.735470024723034,POINT (9.735470024723034 6.127230350547879)
175,580916.02,677130.57,6.1254803112218665,9.731299998097173,POINT (9.731299998097173 6.125480311221867)
176,581888.82,677819.54,6.131700344950308,9.740100028306236,POINT (9.740100028306236 6.131700344950308)
177,582359.19,675347.14,6.109330332047759,9.744319975702714,POINT (9.744319975702714 6.109330332047759)
178,583126.27,676768.8,6.122180318995169,9.751269995570853,POINT (9.751269995570853 6.122180318995169)
179,581258.89,677243.81,6.126500393956215,9.73440000419778,POINT (9.734400004197781 6.126500393956215)
180,581018.14,676893.03,6.123330375640604,9.732219956520698,POINT (9.732219956520698 6.123330375640604)
181,582480.38,676532.43,6.120050370499596,9.745430010816115,POINT (9.745430010816115 6.120050370499596)
182,582740.72,676317.21,6.11810032500949,9.747780034645745,POINT (9.747780034645745 6.11810032500949)
183,582624.26,676507.2,6.119820345465047,9.746729958299097,POINT (9.746729958299097 6.119820345465047)
184,583071.95,676839.48,6.1228203417517975,9.750779989249088,POINT (9.750779989249088 6.122820341751797)
185,582684.84,676709.6,6.121650394274141,9.747279971936898,POINT (9.747279971936898 6.121650394274141)
186,581265.59,676392.57,6.118800392282972,9.734450035701498,POINT (9.734450035701498 6.118800392282972)
187,582715.45,676181.2,6.11687036352985,9.747549957821146,POINT (9.747549957821146 6.11687036352985)
188,581300.26,676931.0,6.123670349445839,9.734770007896907,POINT (9.734770007896907 6.123670349445839)
189,581486.04,677014.17,6.124420364300204,9.73644997454212,POINT (9.73644997454212 6.124420364300204)
190,581162.5,677329.9,6.127280315933784,9.733529964185152,POINT (9.733529964185152 6.127280315933784)
191,581123.22,677735.58,6.13095039301785,9.733179988704142,POINT (9.733179988704142 6.13095039301785)
192,582069.0,677952.45,6.132900332885206,9.741730039343572,POINT (9.741730039343572 6.132900332885206)
193,582748.91,677586.36,6.129580323551466,9.747870020036578,POINT (9.747870020036578 6.129580323551466)
194,583105.44,676627.27,6.120900373094416,9.751079963275055,POINT (9.751079963275055 6.120900373094416)
195,582703.06,677138.56,6.125530324879102,9.747450024129781,POINT (9.747450024129781 6.125530324879102)
196,581322.76,677467.21,6.128520374553372,9.73497997960611,POINT (9.734979979606109 6.128520374553372)
197,581371.09,677732.6,6.130920368260073,9.735420040126826,POINT (9.735420040126826 6.130920368260073)
198,581176.27,676970.63,6.12403035715324,9.733649971069482,POINT (9.733649971069482 6.12403035715324)
199,581437.72,677556.91,6.129330333130526,9.736020020442062,POINT (9.736020020442062 6.129330333130526)
200,582610.84,677409.29,6.127980375282011,9.746620013317935,POINT (9.746620013317935 6.127980375282011)
201,582528.05,677265.46,6.1266804012605425,9.745870010910895,POINT (9.745870010910895 6.126680401260542)
202,582877.44,677458.3,6.128420335078242,9.749029968694892,POINT (9.749029968694892 6.128420335078242)
203,582941.46,676779.6,6.122280345641846,9.74959997219643,POINT (9.74959997219643 6.122280345641846)
204,582941.36,676853.67,6.122950347160178,9.749600002581888,POINT (9.749600002581888 6.122950347160178)
205,582870.37,677771.16,6.131250399414407,9.748970021997167,POINT (9.748970021997167 6.131250399414407)
206,583724.29,677211.85,6.126180329299617,9.756680041630377,POINT (9.756680041630377 6.126180329299617)
207,583801.71,677238.5,6.1264204039262475,9.757380043323343,POINT (9.757380043323343 6.126420403926248)
208,582849.59,676801.58,6.122480324734964,9.748770003782054,POINT (9.748770003782054 6.122480324734964)
209,582926.93,677677.27,6.130400402979602,9.749479987689476,POINT (9.749479987689476 6.130400402979602)
210,582708.57,677154.05,6.125670370354142,9.747500014180057,POINT (9.747500014180057 6.125670370354142)
211,581749.59,676871.92,6.1231303640800085,9.738829969319124,POINT (9.738829969319124 6.123130364080009)
212,582935.85,676834.87,6.122780361294341,9.749549970606358,POINT (9.749549970606358 6.122780361294341)
213,583237.19,677370.36,6.1276203226711425,9.752280014534666,POINT (9.752280014534666 6.127620322671143)
214,582681.54,676698.54,6.121550392494459,9.747250010262258,POINT (9.747250010262258 6.121550392494459)
215,582725.5,676914.17,6.123500321540941,9.747649996314388,POINT (9.747649996314388 6.123500321540941)
216,582520.26,677293.08,6.1269303360774625,9.745799957477105,POINT (9.745799957477105 6.126930336077463)
217,582101.28,677812.1,6.131630391143652,9.742020010759589,POINT (9.742020010759589 6.131630391143652)
218,581797.87,677167.16,6.125800363002039,9.739269958937538,POINT (9.739269958937538 6.125800363002039)
219,582482.29,676748.01,6.122000377601746,9.745449974699842,POINT (9.745449974699842 6.122000377601746)
220,583724.53,677039.39,6.124620341856966,9.756680014105376,POINT (9.756680014105376 6.124620341856966)
221,581771.61,676954.86,6.12388032569634,9.739030000063641,POINT (9.739030000063641 6.12388032569634)
222,581361.67,676528.68,6.120030391324346,9.735320007612565,POINT (9.735320007612565 6.120030391324346)
223,581298.58,676541.86,6.120150392006135,9.7347500156306,POINT (9.734750015630601 6.120150392006135)
224,581775.48,678164.31,6.1348203822062715,9.739080029071575,POINT (9.739080029071575 6.134820382206271)
225,581830.72,677423.69,6.128120401067211,9.739570026862529,POINT (9.739570026862529 6.128120401067211)
226,583494.62,676862.19,6.123020407434905,9.754600021155893,POINT (9.754600021155893 6.123020407434905)
227,583392.48,677100.83,6.12518032080946,9.753679990484962,POINT (9.753679990484962 6.12518032080946)
228,582224.24,676910.16,6.123470341617941,9.74311995747388,POINT (9.74311995747388 6.123470341617941)
229,583541.91,677070.09,6.124900363516472,9.755030030622223,POINT (9.755030030622223 6.124900363516472)
230,583286.71,677563.9,6.129370359274047,9.752729992864506,POINT (9.752729992864506 6.129370359274047)
231,581018.11,676917.35,6.123550363455787,9.732219985035485,POINT (9.732219985035485 6.123550363455787)
232,583349.57,677713.23,6.130720324455276,9.753299971512755,POINT (9.753299971512755 6.130720324455276)
233,581006.85,677058.84,6.12483035524208,9.732119968994583,POINT (9.732119968994583 6.12483035524208)
234,583492.11,677073.34,6.124930394568832,9.754580018959786,POINT (9.754580018959786 6.124930394568832)
235,581113.65,676639.99,6.121040314972133,9.73307998148051,POINT (9.733079981480509 6.121040314972133)
236,581604.09,677270.81,6.1267403423442515,9.737520006190636,POINT (9.737520006190636 6.126740342344251)
237,581871.76,677349.67,6.127450340047404,9.739939995133332,POINT (9.739939995133332 6.127450340047404)
238,582302.58,677870.97,6.1321603782708545,9.743839966222733,POINT (9.743839966222733 6.132160378270854)
239,582302.58,677870.97,6.1321603782708545,9.743839966222733,POINT (9.743839966222733 6.132160378270854)
240,583122.95,677561.46,6.129350364228631,9.751250015605091,POINT (9.751250015605091 6.129350364228631)
241,583615.5,675883.97,6.114170391371462,9.755680006547294,POINT (9.755680006547294 6.114170391371462)
242,580932.08,676714.92,6.1217203355002745,9.731440020917525,POINT (9.731440020917525 6.121720335500275)
243,581867.39,676505.05,6.119810366874829,9.739889986772683,POINT (9.739889986772683 6.119810366874829)
244,582585.34,678237.29,6.135470373874053,9.746399975688693,POINT (9.746399975688693 6.135470373874053)
245,581303.46,677828.69,6.131790391399098,9.73481003378087,POINT (9.734810033780869 6.131790391399098)
246,583383.38,677277.71,6.126780402878044,9.7535999956219,POINT (9.753599995621901 6.126780402878044)
247,580951.47,677099.67,6.125200367278979,9.731619988647884,POINT (9.731619988647884 6.125200367278979)
248,582372.04,677258.61,6.126620398427527,9.744460022511833,POINT (9.744460022511833 6.126620398427527)
249,581982.11,677569.82,6.129440333619272,9.740940005888572,POINT (9.740940005888572 6.129440333619272)
250,583913.95,676893.73,6.1233003598394635,9.758389981096506,POINT (9.758389981096506 6.123300359839464)
251,584547.52,676456.84,6.119340361465253,9.764110043892593,POINT (9.764110043892593 6.119340361465253)
252,582959.45,677366.66,6.127590369679415,9.749769958895918,POINT (9.749769958895918 6.127590369679415)
253,581545.49,678045.7,6.133750356728296,9.737000041847223,POINT (9.737000041847223 6.133750356728296)
254,581138.72,677733.39,6.130930391659438,9.733320040632044,POINT (9.733320040632044 6.130930391659438)
255,581386.67,677666.29,6.130320366131666,9.735560020358687,POINT (9.735560020358687 6.130320366131666)
256,581226.17,677701.45,6.130640395502484,9.734109962100803,POINT (9.734109962100803 6.130640395502484)
257,581108.4,677243.6,6.126500354919967,9.733039981645835,POINT (9.733039981645835 6.126500354919967)
258,582720.54,677294.47,6.126940389248825,9.747609957108827,POINT (9.747609957108827 6.126940389248825)
259,582155.93,677502.63,6.12883039213099,9.742510031063672,POINT (9.742510031063672 6.12883039213099)
260,582603.55,677874.7,6.132190335382098,9.746559984261594,POINT (9.746559984261594 6.132190335382098)
261,582295.08,677699.6,6.130610343292732,9.743770038625502,POINT (9.743770038625502 6.130610343292732)
262,582135.08,677372.15,6.1276503943721545,9.742319972346696,POINT (9.742319972346696 6.127650394372155)
263,583379.23,677083.13,6.12502038382128,9.753560022902432,POINT (9.753560022902432 6.12502038382128)
264,583164.29,677272.98,6.1267403961788975,9.751619966031141,POINT (9.751619966031141 6.126740396178898)
265,581755.77,678010.61,6.1334303316689365,9.738899987495735,POINT (9.738899987495735 6.133430331668936)
266,582944.49,677780.1,6.131330329626119,9.749639981497898,POINT (9.749639981497898 6.131330329626119)
267,582655.88,676849.96,6.122920385857376,9.747020019429609,POINT (9.747020019429609 6.122920385857376)
268,583523.9,677286.75,6.126860388176663,9.75487002352026,POINT (9.75487002352026 6.126860388176663)
269,583582.54,677290.15,6.126890396658538,9.75540001050284,POINT (9.755400010502839 6.126890396658538)
270,583321.84,677762.94,6.131170327971606,9.753049997583448,POINT (9.753049997583448 6.131170327971606)
271,582355.09,677513.96,6.128930382058137,9.744310041212847,POINT (9.744310041212847 6.128930382058137)
272,583170.5,676790.98,6.122380388458291,9.751669990017037,POINT (9.751669990017037 6.122380388458291)
273,583345.33,676796.75,6.12243036579409,9.753250031578085,POINT (9.753250031578085 6.12243036579409)
274,583642.11,677417.37,6.128040404849974,9.75593997808344,POINT (9.75593997808344 6.128040404849974)
275,583543.49,677515.62,6.1289303797543,9.755049972860087,POINT (9.755049972860087 6.1289303797543)
276,583600.91,676819.22,6.122630371232092,9.755560036299068,POINT (9.755560036299068 6.122630371232092)
277,583515.92,676662.12,6.121210405482084,9.754789972644225,POINT (9.754789972644225 6.121210405482084)
278,582141.11,677017.28,6.124440337108638,9.742370032492564,POINT (9.742370032492564 6.124440337108638)
279,582117.87,677817.65,6.131680386124278,9.742170009749454,POINT (9.742170009749454 6.131680386124278)
280,582797.75,676683.22,6.1214103523129015,9.748300026476718,POINT (9.748300026476718 6.121410352312902)
281,583212.77,676632.95,6.120950393547436,9.75204999211532,POINT (9.752049992115319 6.120950393547436)
282,582608.49,676712.81,6.121680390519772,9.746590024373061,POINT (9.746590024373061 6.121680390519772)
283,582580.88,677467.84,6.128510366580336,9.74634999236809,POINT (9.74634999236809 6.128510366580336)
284,582900.34,676911.1,6.12347034799644,9.749230021179802,POINT (9.749230021179802 6.12347034799644)
285,582217.44,676232.47,6.117340371487155,9.743050035757442,POINT (9.743050035757442 6.117340371487155)
286,583403.41,677201.45,6.126090339353001,9.75378004387612,POINT (9.75378004387612 6.126090339353001)
287,582175.47,676171.61,6.1167903858738555,9.742669988725833,POINT (9.742669988725833 6.116790385873855)
288,582489.78,676139.98,6.116500341798558,9.745510041262493,POINT (9.745510041262493 6.116500341798558)
289,582756.08,676408.99,6.11893032824449,9.747919998692845,POINT (9.747919998692845 6.11893032824449)
290,582663.81,676712.88,6.121680328094127,9.747089961496808,POINT (9.747089961496808 6.121680328094127)
291,583027.43,677025.15,6.124500382264098,9.750379998269949,POINT (9.750379998269949 6.124500382264098)
292,583169.4,676784.34,6.122320340282498,9.751659965164029,POINT (9.751659965164029 6.122320340282498)
293,582146.79,676908.95,6.12346036540003,9.742420010560764,POINT (9.742420010560764 6.12346036540003)
294,582127.33,677380.98,6.127730363215524,9.742250043784663,POINT (9.742250043784663 6.127730363215524)
295,583117.66,676595.23,6.120610400807506,9.751189992430811,POINT (9.751189992430811 6.120610400807506)
296,582523.01,676912.79,6.123490385308844,9.745820036201053,POINT (9.745820036201053 6.123490385308844)
297,583233.31,676980.11,6.124090367684943,9.752240008511675,POINT (9.752240008511675 6.124090367684943)
298,582694.25,676310.52,6.1180403951257025,9.747359996167589,POINT (9.747359996167589 6.118040395125703)
299,582140.6,677379.89,6.1277203375926845,9.742369954879432,POINT (9.742369954879432 6.127720337592685)
300,583171.88,676598.62,6.12064037918894,9.75168002915201,POINT (9.751680029152009 6.12064037918894)
301,583680.45,676906.67,6.123420386583189,9.75627996530762,POINT (9.75627996530762 6.123420386583189)
302,582525.81,677283.14,6.126840353982755,9.745849989457286,POINT (9.745849989457286 6.126840353982755)
303,582328.86,677275.13,6.126770371791794,9.744070000632421,POINT (9.744070000632421 6.126770371791794)
304,582265.8,677266.2,6.126690385714815,9.743499999121452,POINT (9.743499999121452 6.126690385714815)
305,583175.22,676578.72,6.120460331529392,9.75170996162619,POINT (9.75170996162619 6.120460331529392)
306,582372.0,677284.03,6.126850335799205,9.744459979613172,POINT (9.744459979613172 6.126850335799205)
307,582105.79,676949.8,6.12383038725461,9.742049995035329,POINT (9.742049995035329 6.12383038725461)
308,582099.14,676958.63,6.1239103422719765,9.74199000779665,POINT (9.74199000779665 6.123910342271977)
309,581836.36,677340.78,6.127370366712029,9.73961996465895,POINT (9.739619964658949 6.127370366712029)
310,581775.65,677236.78,6.126430388927692,9.739070017279689,POINT (9.739070017279689 6.126430388927692)
311,581797.26,677611.58,6.1298203808414655,9.739269978306343,POINT (9.739269978306343 6.129820380841466)
312,582293.09,677533.77,6.129110351219957,9.743749976891644,POINT (9.743749976891644 6.129110351219957)
313,582758.95,677527.79,6.129050401902444,9.747960016706081,POINT (9.747960016706081 6.129050401902444)
314,582681.55,677486.77,6.128680330764127,9.74726001405616,POINT (9.74726001405616 6.128680330764127)
315,582409.88,677100.57,6.125190371272791,9.74480001096995,POINT (9.74480001096995 6.125190371272791)
316,582411.92,677227.71,6.12634039179336,9.744820040900251,POINT (9.744820040900251 6.12634039179336)
317,582513.68,676456.19,6.119360322912354,9.745729991703193,POINT (9.745729991703193 6.119360322912354)
318,581989.18,677253.65,6.126580324221657,9.740999954672729,POINT (9.740999954672729 6.126580324221657)
319,583222.36,676897.18,6.1233403634893655,9.75214000160626,POINT (9.752140001606261 6.123340363489366)
320,582042.29,677260.36,6.126640356293773,9.741480007518176,POINT (9.741480007518176 6.126640356293773)
321,582098.25,676802.75,6.122500338279,9.741980018647022,POINT (9.741980018647022 6.122500338279)
322,582098.21,677628.58,6.129970396839764,9.74198997212124,POINT (9.741989972121241 6.129970396839764)
323,583363.05,676782.4,6.1223003381876016,9.753409988333294,POINT (9.753409988333294 6.122300338187602)
324,582844.26,676655.65,6.121160381675266,9.748719997677503,POINT (9.748719997677503 6.121160381675266)
325,583561.02,676854.54,6.122950365314146,9.75519999242374,POINT (9.755199992423741 6.122950365314146)
326,582629.54,677484.49,6.128660361910449,9.746789956068442,POINT (9.746789956068442 6.128660361910449)
327,583680.39,676954.21,6.123850409783505,9.756280028051776,POINT (9.756280028051776 6.123850409783505)
328,582795.69,677365.33,6.127580406355602,9.748289999648218,POINT (9.748289999648218 6.127580406355602)
329,582219.12,676616.09,6.1208103912062555,9.743070011009193,POINT (9.743070011009193 6.120810391206255)
330,583405.49,677295.43,6.1269404081701415,9.753800033908426,POINT (9.753800033908426 6.126940408170142)
331,581701.24,677432.35,6.128200347976863,9.738399985653672,POINT (9.738399985653672 6.128200347976863)
332,583090.78,676825.14,6.122690391214478,9.750949978190715,POINT (9.750949978190715 6.122690391214478)
333,583369.7,676772.46,6.122210341620419,9.75346995949792,POINT (9.75346995949792 6.122210341620419)
334,581945.29,677791.98,6.131450345461049,9.740610023666928,POINT (9.740610023666928 6.131450345461049)
335,582120.26,676889.01,6.123280329474745,9.742180004391289,POINT (9.742180004391289 6.123280329474745)
336,582056.08,676891.14,6.123300398306282,9.74160002301706,POINT (9.74160002301706 6.123300398306282)
337,582293.45,677272.87,6.126750372812467,9.743749962900246,POINT (9.743749962900246 6.126750372812467)
338,583855.36,676856.06,6.122960364533516,9.757860012754257,POINT (9.757860012754257 6.122960364533516)
339,581948.67,677748.87,6.131060351027186,9.740640031970177,POINT (9.740640031970177 6.131060351027186)
340,581828.22,677627.1,6.1299603813621175,9.739549967132374,POINT (9.739549967132374 6.129960381362118)
341,583197.76,677079.56,6.124990392539895,9.751919994516768,POINT (9.751919994516768 6.124990392539895)
342,581382.84,678035.53,6.133660383941129,9.735529983508227,POINT (9.735529983508227 6.133660383941129)
343,581134.98,677228.16,6.126360363525857,9.733280001927998,POINT (9.733280001927998 6.126360363525857)
344,583200.67,676584.29,6.1205103928583,9.751940027255767,POINT (9.751940027255767 6.1205103928583)
345,582467.26,676417.44,6.119010391809286,9.745310002345287,POINT (9.745310002345287 6.119010391809286)
346,583312.01,677670.07,6.130330398020372,9.7529599827421,POINT (9.7529599827421 6.130330398020372)
347,583828.36,677172.2,6.125820348251657,9.757620039886852,POINT (9.757620039886852 6.125820348251657)
348,582690.92,676316.04,6.118090368201423,9.747329971949053,POINT (9.747329971949053 6.118090368201423)
349,582955.21,676445.75,6.119260331457202,9.74972002372221,POINT (9.74972002372221 6.119260331457202)
350,583551.12,676813.62,6.122580349785163,9.755110004548884,POINT (9.755110004548884 6.122580349785163)
351,582713.61,677506.72,6.128860384654986,9.747550000619569,POINT (9.747550000619569 6.128860384654986)
352,582519.32,677974.08,6.133090337722796,9.745800017420637,POINT (9.745800017420637 6.133090337722796)
353,582985.96,676609.41,6.1207403300820395,9.749999979397503,POINT (9.749999979397503 6.12074033008204)
354,581330.32,677602.09,6.129740341807452,9.735049971419688,POINT (9.735049971419688 6.129740341807452)
355,583651.31,677174.16,6.125840334955808,9.756020025237342,POINT (9.756020025237342 6.125840334955808)
356,583942.77,676857.29,6.1229703743246295,9.75864996728245,POINT (9.75864996728245 6.12297037432463)
357,583475.41,677145.17,6.125580344373552,9.754430009661393,POINT (9.754430009661393 6.125580344373552)
358,583290.33,677348.33,6.127420376534913,9.752759975209399,POINT (9.752759975209399 6.127420376534913)
359,583346.8,677320.77,6.127170366171724,9.753269959391652,POINT (9.753269959391652 6.127170366171724)
360,581339.53,676533.07,6.1200703751987175,9.735119979024612,POINT (9.735119979024612 6.120070375198718)
361,581254.53,676383.71,6.118720385546412,9.734349975462255,POINT (9.734349975462255 6.118720385546412)
362,582351.13,676373.05,6.118610317079436,9.744259965037296,POINT (9.744259965037296 6.118610317079436)
363,583577.89,676658.89,6.121180400794718,9.755349963481258,POINT (9.755349963481258 6.121180400794718)
364,583964.3,677288.47,6.126870329653909,9.758850044299093,POINT (9.758850044299093 6.126870329653909)
365,582491.53,676472.75,6.119510394530576,9.745530026792741,POINT (9.745530026792741 6.119510394530576)
366,582552.51,676384.39,6.1187103678672425,9.74608000288144,POINT (9.74608000288144 6.118710367867243)
367,584945.34,676052.79,6.115680413434524,9.767699965131651,POINT (9.767699965131651 6.115680413434524)
368,583919.54,676855.05,6.122950409185538,9.758440005303237,POINT (9.758440005303237 6.122950409185538)
369,583956.07,676845.15,6.122860392245147,9.758770006623356,POINT (9.758770006623356 6.122860392245147)
370,583713.57,676965.31,6.123950391955508,9.756580023216022,POINT (9.756580023216022 6.123950391955508)
371,583435.44,677237.98,6.1264203642503485,9.754069970041318,POINT (9.754069970041318 6.126420364250349)
372,582182.01,677846.48,6.1319403651453825,9.7427500260006,POINT (9.7427500260006 6.131940365145383)
373,583336.44,676817.74,6.122620343456494,9.753169957105825,POINT (9.753169957105825 6.122620343456494)
374,584154.42,676645.33,6.121050387352661,9.760559971395093,POINT (9.760559971395093 6.121050387352661)
375,583961.19,677133.7,6.125470400408761,9.758819961524184,POINT (9.758819961524184 6.125470400408761)
376,583282.4,676689.43,6.1214604011848675,9.752679963643155,POINT (9.752679963643155 6.121460401184867)
377,581424.41,677577.9,6.129520363871361,9.73589999386001,POINT (9.735899993860009 6.129520363871361)
378,581270.89,676559.51,6.120310388063862,9.734499994427363,POINT (9.734499994427363 6.120310388063862)
379,583505.01,676554.86,6.1202403247465496,9.754690015957282,POINT (9.754690015957282 6.12024032474655)
380,583639.89,676640.18,6.121010370990095,9.755910028485241,POINT (9.755910028485241 6.121010370990095)
381,581143.77,676462.05,6.119430380651533,9.7333499870413,POINT (9.733349987041301 6.119430380651533)
382,583829.88,676877.03,6.123150373472731,9.757630013000393,POINT (9.757630013000393 6.123150373472731)
383,582753.34,677583.05,6.129550327085186,9.747910013582297,POINT (9.747910013582297 6.129550327085186)
384,582092.42,677815.4,6.131660352201746,9.741939981114433,POINT (9.741939981114433 6.131660352201746)
385,583930.58,676872.75,6.123110373204185,9.758540001521105,POINT (9.758540001521105 6.123110373204185)
386,582411.82,676498.06,6.119740336140979,9.74480999359347,POINT (9.744809993593471 6.119740336140979)
387,581477.24,676976.57,6.124080361617053,9.736369980918216,POINT (9.736369980918216 6.124080361617053)
388,581293.6,677755.71,6.131130370899886,9.734720021961238,POINT (9.734720021961238 6.131130370899886)
389,581085.09,677296.63,6.1269803274665,9.732829976908542,POINT (9.732829976908542 6.1269803274665)
390,582044.27,677431.72,6.128190371193507,9.741500040673477,POINT (9.741500040673477 6.128190371193507)
391,583754.51,676965.36,6.123950322403788,9.75695000630799,POINT (9.75695000630799 6.123950322403788)
392,583750.41,676735.41,6.121870365264303,9.756910025494554,POINT (9.756910025494554 6.121870365264303)
393,583660.83,676694.38,6.121500369923227,9.75609995548272,POINT (9.756099955482719 6.121500369923227)
394,583554.57,676719.66,6.121730391717835,9.755139989172529,POINT (9.755139989172529 6.121730391717835)
395,583512.84,677281.2,6.12681032639038,9.754770001117313,POINT (9.754770001117313 6.12681032639038)
396,583653.16,676642.41,6.121030373545999,9.756029979685941,POINT (9.756029979685941 6.121030373545999)
397,583580.05,676700.9,6.121560374333587,9.755370017472172,POINT (9.755370017472172 6.121560374333587)
398,581339.12,677639.69,6.13008034461564,9.735129965502985,POINT (9.735129965502985 6.13008034461564)
399,581691.25,677453.34,6.128390337812949,9.738309964019576,POINT (9.738309964019576 6.128390337812949)
400,582381.17,676261.44,6.117600371067604,9.744530043258125,POINT (9.744530043258125 6.117600371067604)
401,582620.76,676642.07,6.121040357079748,9.746700021979464,POINT (9.746700021979464 6.121040357079748)
402,583195.99,676762.27,6.122120369581511,9.751899984364853,POINT (9.751899984364853 6.122120369581511)
403,582985.89,676662.48,6.121220375686799,9.750000016244396,POINT (9.750000016244396 6.121220375686799)
404,584316.51,676273.0,6.117680407873323,9.76202002892331,POINT (9.76202002892331 6.117680407873323)
405,584481.29,676335.14,6.118240378790303,9.763509954813816,POINT (9.763509954813816 6.118240378790303)
406,581885.7,677672.5,6.130370330951514,9.740069998466474,POINT (9.740069998466474 6.130370330951514)
407,582009.41,677828.55,6.131780338832399,9.741189955016798,POINT (9.741189955016798 6.131780338832399)
408,581497.17,676972.17,6.12404031407689,9.736550038409598,POINT (9.736550038409598 6.12404031407689)
409,581945.99,678081.63,6.134070370459394,9.740619964871657,POINT (9.740619964871657 6.134070370459394)
410,581781.7,677665.73,6.13031038966461,9.739130031744555,POINT (9.739130031744555 6.13031038966461)
411,581574.27,677226.55,6.1263403579272895,9.737249965338528,POINT (9.737249965338528 6.126340357927289)
412,581835.99,677614.95,6.129850381421101,9.73962003577499,POINT (9.73962003577499 6.129850381421101)
413,583159.51,676735.69,6.121880402020088,9.75156997245445,POINT (9.751569972454449 6.121880402020088)
414,583713.8,676798.37,6.1224403355614125,9.756579976665417,POINT (9.756579976665417 6.122440335561413)
415,583409.73,676634.33,6.120960379759886,9.75382996569824,POINT (9.753829965698239 6.120960379759886)
416,583286.85,676671.74,6.1213003299878315,9.752719955005839,POINT (9.752719955005839 6.121300329987831)
417,581189.68,677687.02,6.130510320064925,9.733780010932458,POINT (9.733780010932458 6.130510320064925)
418,581451.07,677500.55,6.128820361601133,9.736139969932491,POINT (9.736139969932491 6.128820361601133)
419,581305.69,677811.0,6.131630348368533,9.734829968082133,POINT (9.734829968082133 6.131630348368533)
420,583743.6,676852.59,6.12293040208524,9.756849974492743,POINT (9.756849974492743 6.12293040208524)
421,583441.78,676665.33,6.121240383204245,9.75411999933618,POINT (9.754119999336179 6.121240383204245)
422,582275.01,677806.81,6.131580364142815,9.743590002544545,POINT (9.743590002544545 6.131580364142815)
423,582275.01,677806.81,6.131580364142815,9.743590002544545,POINT (9.743590002544545 6.131580364142815)
424,583492.42,676848.92,6.122900401733214,9.754579970897339,POINT (9.754579970897339 6.122900401733214)
425,583118.9,676503.47,6.119780370190182,9.75120003928546,POINT (9.751200039285459 6.119780370190182)
426,583553.61,677402.87,6.127910372234579,9.75513999630199,POINT (9.75513999630199 6.127910372234579)
427,583553.63,677390.71,6.127800378850396,9.75514002242975,POINT (9.75514002242975 6.127800378850396)
428,583461.29,676958.32,6.123890373936908,9.754300032129242,POINT (9.754300032129242 6.123890373936908)
429,581987.72,677515.66,6.12895035836783,9.74099002930892,POINT (9.74099002930892 6.12895035836783)
430,583580.97,676831.35,6.122740346680278,9.75537998932284,POINT (9.75537998932284 6.122740346680278)
431,581151.03,677628.38,6.129980368160302,9.733429993051544,POINT (9.733429993051544 6.129980368160302)
432,581088.58,676359.16,6.118500366349437,9.73284995835859,POINT (9.732849958358591 6.118500366349437)
433,581179.97,677506.81,6.1288803449954,9.733690031302459,POINT (9.733690031302459 6.1288803449954)
434,580883.57,676583.3,6.120530358799049,9.731000007924164,POINT (9.731000007924164 6.120530358799049)
435,582272.05,677548.11,6.129240327605242,9.743560011647352,POINT (9.743560011647352 6.129240327605242)
436,583628.27,677030.41,6.124540339612615,9.755809979026148,POINT (9.755809979026148 6.124540339612615)
437,581492.94,677634.37,6.130030314160443,9.736520022197825,POINT (9.736520022197825 6.130030314160443)
438,583775.56,676946.6,6.123780360704217,9.757140000079085,POINT (9.757140000079085 6.123780360704217)
439,581347.92,677681.71,6.130460328629081,9.735210014453303,POINT (9.735210014453303 6.130460328629081)
440,583327.54,676855.32,6.1229603859781365,9.753090002413302,POINT (9.753090002413302 6.122960385978137)
441,583327.54,676855.32,6.1229603859781365,9.753090002413302,POINT (9.753090002413302 6.122960385978137)
442,582014.39,677431.68,6.128190382734234,9.741230005926585,POINT (9.741230005926585 6.128190382734234)
443,583198.19,676775.54,6.122240375463804,9.751920033987012,POINT (9.751920033987012 6.122240375463804)
444,583198.19,676775.54,6.122240375463804,9.751920033987012,POINT (9.751920033987012 6.122240375463804)
445,583758.79,677069.29,6.124890365082675,9.75699000945183,POINT (9.75699000945183 6.124890365082675)
446,582314.18,677487.37,6.128690375081319,9.74393999223485,POINT (9.74393999223485 6.128690375081319)
447,583574.79,677290.14,6.12689040485047,9.75532997176686,POINT (9.75532997176686 6.12689040485047)
448,581697.75,677560.59,6.129360389159569,9.738370040120722,POINT (9.738370040120722 6.129360389159569)
449,583616.13,677006.07,6.124320326990284,9.755699957879902,POINT (9.755699957879902 6.124320326990284)
450,583579.64,676993.86,6.124210345955254,9.755370035379,POINT (9.755370035379 6.124210345955254)
451,581533.76,676915.84,6.123530325521442,9.736880012209,POINT (9.736880012208999 6.123530325521442)
452,583442.27,677104.22,6.125210352665507,9.754129996404982,POINT (9.754129996404982 6.125210352665507)
453,583504.33,677036.87,6.124600350218535,9.754689990433276,POINT (9.754689990433276 6.124600350218535)
454,583303.1,676926.04,6.123600393215384,9.752870029608738,POINT (9.752870029608738 6.123600393215384)
455,582828.66,677525.67,6.129030346147846,9.748589979530246,POINT (9.748589979530246 6.129030346147846)
456,583544.9,677298.94,6.126970385518689,9.75505996052239,POINT (9.75505996052239 6.126970385518689)
457,581965.7,675826.4,6.113670398888392,9.740769979607173,POINT (9.740769979607173 6.113670398888392)
458,582003.29,677455.98,6.128410327450467,9.741129995265466,POINT (9.741129995265466 6.128410327450467)
459,581839.31,677609.42,6.129800318301602,9.739649970789456,POINT (9.739649970789456 6.129800318301602)
460,582886.96,677775.6,6.131290351880652,9.749120007278854,POINT (9.749120007278854 6.131290351880652)
461,582202.74,678054.35,6.133820395874415,9.742939972844924,POINT (9.742939972844924 6.133820395874415)
462,581660.42,677341.64,6.1273803364722665,9.738029955918542,POINT (9.738029955918542 6.127380336472267)
463,581708.34,677902.21,6.13245038826789,9.738469995316638,POINT (9.738469995316638 6.13245038826789)
464,581854.07,677338.59,6.127350336257571,9.73977998761649,POINT (9.73977998761649 6.127350336257571)
465,581763.76,677835.95,6.131850341632448,9.738970021188395,POINT (9.738970021188395 6.131850341632448)
466,583217.97,677663.3,6.1302703532139295,9.752110028936139,POINT (9.752110028936139 6.13027035321393)
467,582117.27,677448.4,6.128340337641368,9.742159971286602,POINT (9.742159971286602 6.128340337641368)
468,581687.28,677927.6,6.132680316317748,9.738279984211292,POINT (9.738279984211292 6.132680316317748)
469,582218.26,678038.89,6.133680357742723,9.743080039389499,POINT (9.743080039389499 6.133680357742723)
470,583446.47,677268.95,6.12670036292426,9.754170043939817,POINT (9.754170043939817 6.12670036292426)
471,581917.57,676223.21,6.117260351997147,9.74033996302558,POINT (9.74033996302558 6.117260351997147)
472,581450.22,677318.14,6.127170377586109,9.736130027159337,POINT (9.736130027159337 6.127170377586109)
473,584136.58,676743.69,6.121940329038536,9.760400007043907,POINT (9.760400007043907 6.121940329038536)
474,581654.83,677388.07,6.12780038964053,9.737980014429406,POINT (9.737980014429406 6.12780038964053)
475,583977.18,676786.58,6.1223303286311355,9.758960033319019,POINT (9.758960033319019 6.122330328631135)
476,582599.23,677796.2,6.131480317690823,9.746519955521148,POINT (9.746519955521148 6.131480317690823)
477,582269.42,677844.39,6.131920364519869,9.743539954595853,POINT (9.743539954595853 6.131920364519869)
478,583592.67,677165.24,6.125760395870757,9.755489969141648,POINT (9.755489969141648 6.125760395870757)
479,582024.93,677809.78,6.1316103605021,9.741329980261476,POINT (9.741329980261476 6.1316103605021)
480,583680.55,676837.02,6.122790367150899,9.756279982764152,POINT (9.756279982764152 6.122790367150899)
481,583312.26,676703.84,6.121590368299205,9.752949995563284,POINT (9.752949995563284 6.121590368299205)
482,583745.64,676974.2,6.124030397573611,9.756869959046421,POINT (9.756869959046421 6.124030397573611)
483,582037.03,677861.76,6.132080395075772,9.741439981548924,POINT (9.741439981548924 6.132080395075772)
484,581492.47,677166.74,6.1258003606032645,9.736509975228474,POINT (9.736509975228474 6.125800360603264)
485,581667.88,677549.49,6.129260355591975,9.738099957478799,POINT (9.738099957478799 6.129260355591975)
486,582726.3,676340.41,6.118310362188375,9.747650011152137,POINT (9.747650011152137 6.118310362188375)
487,581353.19,677062.63,6.124860357326188,9.735249977022264,POINT (9.735249977022264 6.124860357326188)
488,582635.98,677631.53,6.129990331810802,9.746850005769469,POINT (9.746850005769469 6.129990331810802)
489,581065.9,676762.64,6.122150339107627,9.732649967279757,POINT (9.732649967279757 6.122150339107627)
490,582833.84,677781.05,6.131340320675035,9.748640013188096,POINT (9.748640013188096 6.131340320675035)
491,582807.31,676969.56,6.124000321322686,9.748390027024577,POINT (9.748390027024577 6.124000321322686)
492,583963.89,676792.09,6.122380339064394,9.75883999985952,POINT (9.75883999985952 6.122380339064394)
493,581697.77,677544.0,6.129210323702473,9.738370014557008,POINT (9.738370014557008 6.129210323702473)
494,581832.26,677907.91,6.132500403105559,9.739589976900406,POINT (9.739589976900406 6.132500403105559)
495,583551.48,677344.27,6.127380333760621,9.755120001875305,POINT (9.755120001875305 6.127380333760621)
496,583471.57,677512.2,6.128900359152679,9.75439996855433,POINT (9.754399968554329 6.128900359152679)
497,582308.64,677495.1,6.128760366347296,9.743890022465049,POINT (9.743890022465049 6.128760366347296)
498,582200.16,677525.9,6.129040327481215,9.74291004193075,POINT (9.742910041930751 6.129040327481215)
499,583831.72,677140.15,6.125530397628988,9.757649996204668,POINT (9.757649996204668 6.125530397628988)
500,583705.19,677415.24,6.128020333981854,9.756510021145726,POINT (9.756510021145726 6.128020333981854)
501,582746.74,676759.43,6.122100352685233,9.747839999494644,POINT (9.747839999494644 6.122100352685233)
502,582645.6,677076.57,6.124970317298041,9.746929965348937,POINT (9.746929965348937 6.124970317298041)
503,581897.33,678063.87,6.133910329897894,9.740179983818924,POINT (9.740179983818924 6.133910329897894)
504,582115.6,677857.44,6.1320403355079565,9.742149992533951,POINT (9.742149992533951 6.132040335507956)
505,583432.69,677626.02,6.12993041105834,9.754050044791242,POINT (9.754050044791242 6.12993041105834)
506,581892.65,678246.28,6.1355603809869,9.740139964722472,POINT (9.740139964722472 6.1355603809869)
507,582005.52,678244.22,6.135540336549308,9.741159992155275,POINT (9.741159992155275 6.135540336549308)
508,582586.08,676915.09,6.123510397460757,9.746390041412571,POINT (9.746390041412571 6.123510397460757)
509,582593.9,676855.4,6.12297037282638,9.746459962648812,POINT (9.746459962648812 6.12297037282638)
510,583839.31,677254.03,6.126560400328565,9.757720041169847,POINT (9.757720041169847 6.126560400328565)
511,582957.26,677352.28,6.127460323075852,9.749749985758921,POINT (9.749749985758921 6.127460323075852)
512,583272.72,677286.39,6.126860322060603,9.752600044318468,POINT (9.752600044318468 6.126860322060603)
513,582501.52,677245.52,6.126500367214708,9.745630002203752,POINT (9.745630002203752 6.126500367214708)
514,581346.58,677042.72,6.124680342691176,9.735189994469852,POINT (9.735189994469852 6.124680342691176)
515,580925.42,676728.18,6.1218403613582995,9.731379996286634,POINT (9.731379996286634 6.121840361358299)
516,581629.07,676806.53,6.122540375629872,9.737739992908098,POINT (9.737739992908098 6.122540375629872)
517,583402.34,677172.71,6.125830385526841,9.75377000938072,POINT (9.75377000938072 6.125830385526841)
518,581903.4,677674.74,6.130390372027532,9.74022998713745,POINT (9.74022998713745 6.130390372027532)
519,582667.32,676575.8,6.120440325893968,9.747119959391384,POINT (9.747119959391384 6.120440325893968)
520,582734.16,676260.82,6.117590331439844,9.747720042417955,POINT (9.747720042417955 6.117590331439844)
521,582642.11,677201.49,6.126100325767642,9.746899995889162,POINT (9.746899995889162 6.126100325767642)
522,582400.82,677247.59,6.126520355821561,9.744719976628923,POINT (9.744719976628923 6.126520355821561)
523,583419.88,677292.13,6.126910375248915,9.753930037960359,POINT (9.753930037960359 6.126910375248915)
524,583536.07,677286.76,6.126860323815216,9.754980006861336,POINT (9.754980006861336 6.126860323815216)
525,582962.1,677057.12,6.1247903923228355,9.749790000709826,POINT (9.749790000709826 6.124790392322836)
526,582342.55,676975.55,6.12406034587975,9.744189968234949,POINT (9.744189968234949 6.12406034587975)
527,582757.13,677245.88,6.126500407192224,9.747940018494557,POINT (9.747940018494557 6.126500407192224)
528,582748.87,677614.0,6.129830341735687,9.747870006716363,POINT (9.747870006716363 6.129830341735687)
529,583371.92,676771.36,6.122200363412551,9.753490008061203,POINT (9.753490008061203 6.122200363412551)
530,583337.57,676802.27,6.122480395340054,9.753179973087713,POINT (9.753179973087713 6.122480395340054)
531,582264.9,677115.85,6.125330404190696,9.743489983910006,POINT (9.743489983910006 6.125330404190696)
532,581287.52,676536.31,6.1201003260777425,9.734649995971482,POINT (9.734649995971482 6.120100326077742)
533,582219.66,676223.63,6.117260381369293,9.743069987716027,POINT (9.743069987716027 6.117260381369293)
534,582511.48,676444.03,6.1192503571206505,9.745709957537846,POINT (9.745709957537846 6.11925035712065)
535,582482.59,675732.03,6.1128103152428155,9.745439955155303,POINT (9.745439955155303 6.112810315242815)
536,582122.35,676173.74,6.116810316303165,9.742189964705782,POINT (9.742189964705782 6.116810316303165)
537,581277.58,676521.93,6.119970374225922,9.73455998888225,POINT (9.73455998888225 6.119970374225922)
538,581006.93,677000.25,6.124300376288127,9.732119970088307,POINT (9.732119970088307 6.124300376288127)
539,582828.56,676803.77,6.122500399508848,9.7485799794743,POINT (9.7485799794743 6.122500399508848)
540,581691.32,677405.8,6.127960312807631,9.73831000558808,POINT (9.73831000558808 6.127960312807631)
541,581031.32,676966.01,6.1239903563217215,9.732339966500843,POINT (9.732339966500843 6.123990356321722)
542,581859.62,677329.76,6.127270395125958,9.739830034529907,POINT (9.739830034529907 6.127270395125958)
543,582705.31,676316.06,6.1180903681384695,9.747460016192226,POINT (9.747460016192226 6.11809036813847)
544,583250.09,676846.36,6.122880320120999,9.752389959457913,POINT (9.752389959457913 6.122880320120999)
545,583737.9,676970.87,6.12400037477242,9.756799968798031,POINT (9.756799968798031 6.12400037477242)
546,583828.85,676822.86,6.12266039274092,9.757620014228392,POINT (9.757620014228392 6.12266039274092)
547,581668.19,677330.6,6.127280377253149,9.73810003841732,POINT (9.73810003841732 6.127280377253149)
548,581374.83,677419.74,6.12809033805914,9.735449964380551,POINT (9.735449964380551 6.12809033805914)
549,582272.93,676110.94,6.116240376043281,9.74354998587944,POINT (9.74354998587944 6.116240376043281)
550,583677.1,676933.2,6.123660406014541,9.756250028347418,POINT (9.756250028347418 6.123660406014541)
551,583534.39,676904.25,6.12340035521966,9.754959963912395,POINT (9.754959963912395 6.12340035521966)
552,582926.49,677201.89,6.126100359069253,9.749470011669354,POINT (9.749470011669354 6.126100359069253)
553,581262.62,676946.43,6.123810387693024,9.734430037299994,POINT (9.734430037299994 6.123810387693024)
554,583337.41,676915.03,6.12350036720209,9.753179956044825,POINT (9.753179956044825 6.12350036720209)
555,583590.23,677325.53,6.1272103281040975,9.755469956878313,POINT (9.755469956878313 6.127210328104097)
556,581103.62,676695.26,6.121540385498719,9.73299001991146,POINT (9.73299001991146 6.121540385498719)
557,582094.69,676971.89,6.124030341429504,9.7419499577321,POINT (9.7419499577321 6.124030341429504)
558,582460.57,676450.59,6.119310334413533,9.745249959351812,POINT (9.745249959351812 6.119310334413533)
559,582041.06,677347.69,6.12743031659872,9.741469981856918,POINT (9.741469981856918 6.12743031659872)
560,582212.62,677314.77,6.127130392326894,9.743020005121455,POINT (9.743020005121455 6.127130392326894)
561,582349.83,676518.98,6.119930345098134,9.744250042970863,POINT (9.744250042970863 6.119930345098134)
562,583037.7,676804.06,6.122500383105744,9.750470018582591,POINT (9.750470018582591 6.122500383105744)
563,582859.89,677351.04,6.127450336220261,9.748870011916539,POINT (9.748870011916539 6.127450336220261)
564,583759.77,677158.84,6.125700375731475,9.75700000688384,POINT (9.757000006883841 6.125700375731475)
565,581748.4,677740.86,6.130990394518574,9.738830023705122,POINT (9.738830023705122 6.130990394518574)
566,583511.61,677368.54,6.127600375012728,9.754759995183573,POINT (9.754759995183573 6.127600375012728)
567,581520.19,677126.98,6.125440366444919,9.736759995009637,POINT (9.736759995009637 6.125440366444919)
568,582766.2,677088.9,6.125080329791569,9.748020009788684,POINT (9.748020009788684 6.125080329791569)
569,582992.42,676736.56,6.121890383898714,9.750059963509969,POINT (9.750059963509969 6.121890383898714)
570,583538.94,676815.82,6.1226004047248965,9.754999959786412,POINT (9.754999959786412 6.122600404724897)
571,582523.68,676427.46,6.119100319895394,9.745820002746443,POINT (9.745820002746443 6.119100319895394)
572,582442.84,676471.57,6.119500331600753,9.745089993822418,POINT (9.745089993822418 6.119500331600753)
573,583477.79,677029.1,6.124530404096266,9.754450044411795,POINT (9.754450044411795 6.124530404096266)
574,583582.5,677321.1,6.127170355001769,9.755400042632065,POINT (9.755400042632065 6.127170355001769)
575,582480.34,676560.07,6.120300388909661,9.74542999582259,POINT (9.74542999582259 6.120300388909661)
576,583644.12,676779.48,6.1222703536419285,9.755950026905985,POINT (9.755950026905985 6.122270353641929)
577,582487.83,676746.91,6.121990358003094,9.745500026872142,POINT (9.745500026872142 6.121990358003094)
578,582132.32,676966.42,6.123980392098102,9.74228995996617,POINT (9.74228995996617 6.123980392098102)
579,582496.75,676696.07,6.121530372322577,9.745580000878782,POINT (9.745580000878782 6.121530372322577)
580,583029.82,676898.02,6.123350397785579,9.750399991895339,POINT (9.750399991895339 6.123350397785579)
581,582512.59,676442.93,6.119240393128543,9.745719974961062,POINT (9.745719974961062 6.119240393128543)
582,582616.3,676661.96,6.121220328288697,9.746659966037491,POINT (9.746659966037491 6.121220328288697)
583,583229.07,676844.12,6.122860324505719,9.752199969610741,POINT (9.752199969610741 6.122860324505719)
584,582823.23,676656.72,6.121170325411611,9.748529959725298,POINT (9.748529959725298 6.121170325411611)
585,583301.2,676700.51,6.121560387000673,9.752850002449302,POINT (9.752850002449302 6.121560387000673)
586,582172.06,677038.33,6.124630358100505,9.742649997701674,POINT (9.742649997701674 6.124630358100505)
587,581921.08,676894.27,6.123330395463909,9.740380038753145,POINT (9.740380038753145 6.123330395463909)
588,581609.44,678206.09,6.1352003725603845,9.737579977250457,POINT (9.737579977250457 6.135200372560385)
589,583388.72,676626.56,6.120890362872512,9.753639996823031,POINT (9.753639996823031 6.120890362872512)
590,583202.81,676635.14,6.120970329276287,9.751960009828814,POINT (9.751960009828814 6.120970329276287)
591,582246.18,677052.8,6.1247603190348405,9.743320018022274,POINT (9.743320018022274 6.124760319034841)
592,582521.09,676700.52,6.12157031925839,9.74580002141813,POINT (9.74580002141813 6.12157031925839)
593,582855.33,676655.66,6.121160332584731,9.748820039134328,POINT (9.748820039134328 6.121160332584731)
594,582650.33,676863.22,6.123040399086864,9.74697002966861,POINT (9.74697002966861 6.123040399086864)
595,583933.17,676606.32,6.120700352228213,9.758560008047558,POINT (9.758560008047558 6.120700352228213)
596,583907.49,676767.69,6.122160349709552,9.758329992913037,POINT (9.758329992913037 6.122160349709552)
597,581565.44,677216.59,6.126250374177504,9.737170042662257,POINT (9.737170042662257 6.126250374177504)
598,583852.12,676801.89,6.122470412030154,9.757830041673676,POINT (9.757830041673676 6.122470412030154)
599,581669.61,677905.47,6.132480358942487,9.738120018573635,POINT (9.738120018573635 6.132480358942487)
600,581436.26,677005.26,6.1243403859705765,9.73599999048246,POINT (9.73599999048246 6.124340385970577)
601,583846.63,676766.5,6.122150362408271,9.75777997650898,POINT (9.75777997650898 6.122150362408271)
602,583426.75,677122.99,6.125380333682802,9.753989977040014,POINT (9.753989977040014 6.125380333682802)
603,582228.33,676354.09,6.118440350978917,9.74314996920907,POINT (9.743149969209069 6.118440350978917)
604,583574.74,677331.04,6.1272603659256415,9.755330040022331,POINT (9.755330040022331 6.127260365925641)
605,583847.19,677154.54,6.125660364645058,9.757789985421029,POINT (9.757789985421029 6.125660364645058)
606,583252.69,677362.65,6.127550385387425,9.752419994363082,POINT (9.752419994363082 6.127550385387425)
607,582308.93,677282.84,6.126840362537708,9.743889984568515,POINT (9.743889984568515 6.126840362537708)
608,582236.96,676514.4,6.119890329609202,9.743229962945437,POINT (9.743229962945437 6.119890329609202)
609,581232.74,676945.28,6.123800354868631,9.734159990614492,POINT (9.734159990614492 6.123800354868631)
610,581820.09,677905.68,6.132480383398663,9.739479964355397,POINT (9.739479964355397 6.132480383398663)
611,583496.51,677091.03,6.125090353349923,9.75462000734973,POINT (9.754620007349731 6.125090353349923)
612,582981.15,676885.79,6.12324038621664,9.749959997477333,POINT (9.749959997477333 6.12324038621664)
613,583144.21,676599.69,6.120650407940141,9.751429984934871,POINT (9.751429984934871 6.120650407940141)
614,583555.58,676792.62,6.1223903377950935,9.755150043529637,POINT (9.755150043529637 6.122390337795093)
615,583618.88,676627.99,6.120900373814239,9.755720003230751,POINT (9.755720003230751 6.120900373814239)
616,583281.85,677086.31,6.125050383945139,9.752680019374699,POINT (9.752680019374699 6.125050383945139)
617,582949.59,676508.76,6.119830359438372,9.749670029385715,POINT (9.749670029385715 6.119830359438372)
618,583416.14,676803.48,6.122490343435762,9.753890038843144,POINT (9.753890038843144 6.122490343435762)
619,581812.55,677760.84,6.131170324477639,9.739410018114755,POINT (9.739410018114755 6.131170324477639)
620,582217.4,676261.21,6.117600340124189,9.743050033244876,POINT (9.743050033244876 6.117600340124189)
621,581885.22,678017.42,6.133490316843311,9.740069961637827,POINT (9.740069961637827 6.133490316843311)
622,583948.3,676858.4,6.122980344156789,9.758699956984985,POINT (9.758699956984985 6.122980344156789)
623,581373.75,677400.95,6.127920385969224,9.735439971402634,POINT (9.735439971402634 6.127920385969224)
624,583359.31,677079.78,6.12499033426334,9.753379959155291,POINT (9.753379959155291 6.12499033426334)
625,583167.49,676573.19,6.120410407737798,9.751640034634125,POINT (9.751640034634125 6.120410407737798)
626,583350.8,676839.87,6.122820338080239,9.75330001136867,POINT (9.753300011368671 6.122820338080239)
627,583001.09,676868.13,6.123080390819367,9.750139976144828,POINT (9.750139976144828 6.123080390819367)
628,584638.88,675238.68,6.108320354100274,9.76492001899544,POINT (9.76492001899544 6.108320354100274)
629,582920.92,677226.2,6.126320325511037,9.749419980931922,POINT (9.749419980931922 6.126320325511037)
630,581251.79,677583.19,6.129570353968503,9.734340036089199,POINT (9.734340036089199 6.129570353968503)
631,581287.99,677812.08,6.131640336856584,9.734670020140328,POINT (9.734670020140328 6.131640336856584)
632,581288.08,677745.75,6.131040345819145,9.734670012491458,POINT (9.734670012491458 6.131040345819145)
633,582023.26,677421.74,6.128100359483152,9.741310042616409,POINT (9.741310042616409 6.128100359483152)
634,581240.72,677582.07,6.129560360009033,9.734239979012614,POINT (9.734239979012614 6.129560360009033)
635,581937.18,678055.08,6.133830322085774,9.74054001405911,POINT (9.740540014059111 6.133830322085774)
636,581875.8,677630.48,6.129990361797366,9.739980005128567,POINT (9.739980005128567 6.129990361797366)
637,582766.67,677544.38,6.129200369440732,9.748029993600186,POINT (9.748029993600186 6.129200369440732)
638,582996.41,677839.87,6.131870322434278,9.75010995485613,POINT (9.75010995485613 6.131870322434278)
639,583515.35,677070.05,6.12490033945615,9.754790001887262,POINT (9.754790001887262 6.12490033945615)
640,584644.46,677537.08,6.129110390529163,9.765000006164396,POINT (9.765000006164396 6.129110390529163)
641,584902.0,676187.6,6.1169003921849106,9.767310038882588,POINT (9.767310038882588 6.116900392184911)
642,582910.4,676838.15,6.122810351724877,9.74932001564639,POINT (9.74932001564639 6.122810351724877)
643,582981.05,676956.54,6.123880356597136,9.749959986559768,POINT (9.749959986559768 6.123880356597136)
644,583471.54,677536.52,6.129120345821701,9.75440000642639,POINT (9.75440000642639 6.129120345821701)
645,582243.77,676393.91,6.118800350296319,9.7432900000079,POINT (9.743290000007899 6.118800350296319)
646,582706.64,676156.87,6.116650397128402,9.747470035416196,POINT (9.747470035416196 6.116650397128402)
