"","x"
"1",11.7
"2",998.9
"3",980.1
"4",986.5
"5",944.1
"6",940.5
"7",950.9
"8",940.8
"9",945.5
"10",930.5
"11",931.2
"12",924.2
"13",936.4
"14",918.3
"15",915.3
"16",907.4
"17",903.8
"18",912
"19",892.8
"20",899
"21",884
"22",890.5
"23",873.2
"24",871.6
"25",863.9
"26",864.2
"27",861.3
"28",876.6
"29",877.7
"30",856.2
"31",848
"32",853.6
"33",855.8
"34",853.5
"35",848.4
"36",841.6
"37",847.9
"38",855.6
"39",849.6
"40",848
"41",846.7
"42",840.9
"43",841.8
"44",847.7
"45",837
"46",823.7
"47",838.4
"48",834.3
"49",827.2
"50",834.7
"51",821.1
"52",828.3
"53",826.8
"54",819.5
"55",814.2
"56",815.3
"57",810
"58",812.7
"59",809.5
"60",800.9
"61",797.3
"62",780.2
"63",797.1
"64",780.3
"65",790.9
"66",778.4
"67",758.2
"68",744
"69",739.6
"70",705.9
"71",683.5
"72",662.1
"73",625.2
"74",623.7
"75",608.9
"76",608
"77",582.7
"78",596.8
"79",565
"80",578.1
"81",580.1
"82",544.9
"83",535.3
"84",536
"85",530.3
"86",531
"87",538.7
"88",509.2
"89",514.8
"90",518.7
"91",500.7
"92",516.3
"93",499.4
"94",484
"95",484
"96",494.5
"97",489
"98",488
"99",494.6
"100",470.9
"101",470.2
"102",460.9
"103",476.1
"104",468.5
"105",476.5
"106",466.7
"107",441.5
"108",450.3
"109",387
"110",377.1
"111",346.9
"112",320.6
"113",337
"114",328.5
"115",331.2
"116",321.6
"117",309.5
"118",312.6
"119",313.4
"120",301.9
"121",306.9
"122",317.4
"123",294.6
"124",294.2
"125",265.9
"126",272.9
"127",264.4
"128",246.2
"129",257.3
"130",240.6
"131",222
"132",216.4
"133",215.2
"134",181.2
"135",198.3
"136",198.6
"137",189.3
"138",196.5
"139",165.6
"140",166.8
"141",175.4
"142",170.1
"143",178.6
"144",159.4
"145",156.1
"146",152.6
"147",142.2
"148",145.5
"149",144.1
"150",155.2
"151",142.9
"152",147.7
"153",141.4
"154",141.8
"155",119.7
"156",136.4
"157",129.2
"158",134.9
"159",124.3
"160",125.9
"161",135.9
"162",134.8
"163",103.6
"164",115.4
"165",114.1
"166",119.3
"167",82.2
"168",96.7
"169",96.8
"170",66.8
"171",76
"172",75.8
"173",64.5
"174",42.6
"175",22.2
"176",31.1
"177",24.7
"178",39.7
"179",22.1
"180",15.9
"181",18.1
"182",18.5
"183",11
"184",961.5
"185",967.7
"186",961.1
"187",965.4
"188",967.7
"189",967.5
"190",968
"191",970.8
"192",972.7
"193",970.7
"194",978.9
"195",979.6
"196",972.8
"197",975.1
"198",972.8
"199",972.2
"200",170.4
"201",118.1
"202",846
"203",840.9
"204",849.2
"205",841.2
"206",843.9
"207",843.5
"208",849.6
"209",851.8
"210",850.1
"211",840.1
"212",840.7
"213",844.3
"214",853.6
"215",840.6
"216",845.6
"217",847
"218",846.6
"219",842.5
"220",843.4
"221",846.3
"222",843.8
"223",846.5
"224",851.8
"225",856.9
"226",856.4
"227",968.4
"228",859.7
"229",859.5
"230",856.3
"231",842.8
"232",851
"233",840.7
"234",847.2
"235",851.3
"236",847
"237",853.6
"238",842.8
"239",840.7
"240",852.3
"241",856.9
"242",851.2
"243",842.3
"244",840.9
"245",844.9
"246",846.1
"247",849.2
"248",854.9
"249",951.2
"250",945.8
"251",950.7
"252",958.1
"253",946.8
"254",949.3
"255",945.4
"256",959.1
"257",958.6
"258",958.9
"259",943.5
"260",951.4
"261",944.5
"262",941.2
"263",943.9
"264",945
"265",949.7
"266",925.2
"267",928.3
"268",924.8
"269",920.8
"270",925.4
"271",922.2
"272",920.1
"273",924.2
"274",929.7
"275",926.5
"276",933.9
"277",921.6
"278",933.1
"279",936.6
"280",935.6
"281",921.7
"282",928.9
"283",933.7
"284",938.5
"285",929.5
"286",928.2
"287",929.8
"288",930.6
"289",933.8
"290",924.1
"291",926.5
"292",928.7
"293",930.2
"294",934.5
"295",935.9
"296",939.8
"297",930.1
"298",937.3
"299",904.4
"300",900.8
"301",900.8
"302",902.6
"303",902.3
"304",903.6
"305",903.6
"306",903.5
"307",905.4
"308",906.5
"309",903.5
"310",911.9
"311",901.6
"312",901.4
"313",900.8
"314",901.5
"315",901.1
"316",917.9
"317",906.6
"318",913.3
"319",914.7
"320",910.5
"321",919
"322",904.6
"323",914.5
"324",915.3
"325",908.3
"326",907.8
"327",909.8
"328",915.2
"329",902.1
"330",909.7
"331",913.2
"332",908.9
"333",914.3
"334",902.5
"335",912.5
"336",901.1
"337",918.4
"338",902.8
"339",884.2
"340",882.3
"341",886
"342",888.3
"343",885.2
"344",897
"345",892
"346",890.2
"347",891.4
"348",898.7
"349",899.8
"350",886.8
"351",899.4
"352",880.5
"353",889.1
"354",893.8
"355",890.1
"356",899.1
"357",881
"358",887.5
"359",893
"360",894
"361",884.9
"362",880.5
"363",889.3
"364",884.4
"365",883.2
"366",889.8
"367",886.6
"368",885.4
"369",892.1
"370",892.8
"371",890.7
"372",898.1
"373",893.1
"374",884.1
"375",887.5
"376",887.3
"377",893.3
"378",897
"379",888.8
"380",891.4
"381",863.7
"382",866.5
"383",866.3
"384",869.8
"385",873
"386",875.8
"387",860.1
"388",863.4
"389",861.2
"390",861.7
"391",867.4
"392",861.1
"393",861.6
"394",875.9
"395",867.3
"396",861.7
"397",865.1
"398",864.9
"399",860.2
"400",863.7
"401",868
"402",878.7
"403",862.4
"404",865.2
"405",871.5
"406",862.1
"407",877.6
"408",879.9
"409",864.5
"410",870.8
"411",871.3
"412",869.7
"413",868.2
"414",874.2
"415",866.8
"416",865.3
"417",860.9
"418",873.7
"419",870.7
"420",873.7
"421",872.4
"422",860.7
"423",872.8
"424",868.8
"425",879.6
"426",873.1
"427",871.9
"428",966.5
"429",964.6
"430",851.7
"431",912.7
"432",820.9
"433",821.1
"434",826.2
"435",829
"436",834
"437",833.1
"438",834.5
"439",838.2
"440",825.7
"441",834.1
"442",820.1
"443",821.6
"444",828.6
"445",827.4
"446",827.9
"447",825.2
"448",822.5
"449",823.9
"450",826.9
"451",835.3
"452",838.2
"453",834
"454",832.8
"455",826.7
"456",830.6
"457",839.4
"458",835.4
"459",822.1
"460",830.7
"461",833.1
"462",835.4
"463",839.5
"464",831.6
"465",831.7
"466",836.5
"467",821.1
"468",821.1
"469",826.2
"470",835.9
"471",824.3
"472",831.6
"473",822.9
"474",825.3
"475",832.7
"476",821.1
"477",820.3
"478",825.3
"479",828.7
"480",839
"481",838.8
"482",836.5
"483",836.5
"484",821.1
"485",820.5
"486",821.4
"487",823
"488",824.9
"489",826.4
"490",829.8
"491",828.7
"492",830.2
"493",834.2
"494",821
"495",827.6
"496",815.4
"497",810.9
"498",801.5
"499",806.5
"500",810.4
"501",810.3
"502",807.3
"503",818
"504",804
"505",805.8
"506",813.5
"507",810.1
"508",817.1
"509",819.7
"510",818.7
"511",801.9
"512",816.5
"513",800.1
"514",806.7
"515",806
"516",812.7
"517",813.6
"518",800.7
"519",806.5
"520",811.8
"521",815.4
"522",807.3
"523",808
"524",807.6
"525",810.4
"526",804
"527",800.5
"528",808
"529",809.4
"530",805.6
"531",810.5
"532",814.8
"533",816.7
"534",800.8
"535",802
"536",819.7
"537",817.6
"538",815.4
"539",817.5
"540",807
"541",808.9
"542",807.5
"543",806.7
"544",808.7
"545",815.2
"546",803.6
"547",808.5
"548",810.7
"549",814
"550",816.9
"551",789.8
"552",795.4
"553",793.9
"554",797.5
"555",795.9
"556",799.3
"557",786.8
"558",795.9
"559",796.2
"560",793.4
"561",793.7
"562",793.7
"563",789.2
"564",799.6
"565",795.4
"566",795.5
"567",780.5
"568",792
"569",794.5
"570",794.9
"571",791.8
"572",795.6
"573",798.6
"574",795.2
"575",761.2
"576",760.3
"577",772.2
"578",779.4
"579",773.5
"580",771.3
"581",772.3
"582",773.5
"583",772.4
"584",776.8
"585",770.7
"586",766.5
"587",771.1
"588",769.1
"589",773.2
"590",763.7
"591",769.2
"592",769.8
"593",773.3
"594",779.2
"595",763.8
"596",765.3
"597",777.9
"598",746
"599",758.2
"600",743.2
"601",748
"602",751.1
"603",751.1
"604",748.9
"605",752.2
"606",740.2
"607",758
"608",757.3
"609",748.7
"610",746.8
"611",746.4
"612",750.6
"613",752
"614",750.4
"615",740.1
"616",745.8
"617",746.2
"618",748.3
"619",746
"620",749.9
"621",748.9
"622",745.9
"623",748.9
"624",748.2
"625",749.5
"626",744.1
"627",748.5
"628",745.9
"629",748.4
"630",755.2
"631",744.1
"632",745.6
"633",751.2
"634",758.5
"635",749.6
"636",725.2
"637",737.5
"638",732.8
"639",735.7
"640",728.8
"641",734.8
"642",722.8
"643",729.8
"644",728.8
"645",735.1
"646",734.9
"647",734.4
"648",735.1
"649",731.6
"650",730.1
"651",730.4
"652",735.2
"653",730.2
"654",738.2
"655",720.8
"656",721.8
"657",720.6
"658",720.4
"659",723
"660",721.2
"661",722.6
"662",723.4
"663",720.7
"664",720.7
"665",725.2
"666",731.9
"667",732.9
"668",722.7
"669",724.1
"670",734.7
"671",729.3
"672",725.3
"673",723.8
"674",724.3
"675",721.3
"676",735.6
"677",724.1
"678",728.7
"679",725
"680",713.4
"681",711.7
"682",711.4
"683",714.9
"684",713
"685",719.5
"686",702
"687",700.6
"688",703.7
"689",706.7
"690",715.9
"691",705.2
"692",712.6
"693",710.4
"694",710.8
"695",701
"696",704.9
"697",704.8
"698",706.8
"699",713.6
"700",713.9
"701",717
"702",718.8
"703",717.5
"704",717.9
"705",715.4
"706",719.7
"707",718.9
"708",706.8
"709",701.5
"710",703.2
"711",718.4
"712",695.4
"713",693.4
"714",693.7
"715",691.7
"716",688.7
"717",690.3
"718",699.6
"719",695.9
"720",694.8
"721",691.6
"722",680.3
"723",687.7
"724",684.7
"725",697.7
"726",662.8
"727",664.9
"728",666.8
"729",662.4
"730",661.8
"731",661.8
"732",660.8
"733",664.7
"734",662.3
"735",676.6
"736",675.6
"737",663.2
"738",664.3
"739",662.9
"740",673
"741",670
"742",671
"743",676.4
"744",676
"745",668.6
"746",677.8
"747",662
"748",669.6
"749",673.4
"750",670.5
"751",679.5
"752",679.5
"753",671.1
"754",641.1
"755",641
"756",646
"757",651.4
"758",652.3
"759",655.3
"760",659.4
"761",640.1
"762",640.9
"763",642.7
"764",640.9
"765",643.8
"766",644.9
"767",649.3
"768",647
"769",646.2
"770",644.2
"771",645.9
"772",647.3
"773",646.7
"774",650.2
"775",650.8
"776",654.1
"777",653.2
"778",652.6
"779",653.1
"780",658.2
"781",656.4
"782",653.7
"783",657.9
"784",641.8
"785",649.1
"786",649
"787",645.2
"788",648
"789",651
"790",652.5
"791",653.5
"792",655.3
"793",659.2
"794",645
"795",659
"796",657.2
"797",647.5
"798",653.6
"799",647.8
"800",629.7
"801",632.3
"802",633.9
"803",632.1
"804",639.3
"805",628.2
"806",629.7
"807",628.7
"808",629.4
"809",629.3
"810",628.5
"811",634.8
"812",636.2
"813",639.2
"814",639
"815",637.8
"816",639.5
"817",639.5
"818",638.5
"819",636.3
"820",638
"821",639.9
"822",639.6
"823",638.9
"824",628.9
"825",629.5
"826",639.7
"827",629.6
"828",634.8
"829",631.2
"830",624.9
"831",623.5
"832",621
"833",625.5
"834",634.8
"835",633.2
"836",624.5
"837",631
"838",605
"839",605.5
"840",607.2
"841",605.6
"842",615.3
"843",618.8
"844",604.1
"845",607
"846",609.6
"847",613.8
"848",614
"849",611.4
"850",604.7
"851",603.8
"852",606.2
"853",614.9
"854",617.5
"855",602.3
"856",603.6
"857",611.1
"858",611.1
"859",618.3
"860",618.5
"861",619.1
"862",615.1
"863",615.3
"864",617.8
"865",614.5
"866",608.3
"867",613.1
"868",614.3
"869",602.3
"870",607.8
"871",617
"872",611.7
"873",618.4
"874",606
"875",613.9
"876",601.1
"877",602.6
"878",605.9
"879",580.2
"880",584.2
"881",582.9
"882",590.5
"883",582.3
"884",579.1
"885",580.3
"886",593.2
"887",599
"888",581.9
"889",599.7
"890",594.7
"891",582.7
"892",597.1
"893",599.7
"894",596
"895",597.5
"896",596.2
"897",595.1
"898",598.5
"899",589
"900",596.2
"901",599.6
"902",591.5
"903",593.7
"904",589.4
"905",585.9
"906",592.6
"907",580.8
"908",588.7
"909",586.5
"910",593.3
"911",560.1
"912",563.2
"913",563.4
"914",565.6
"915",571.9
"916",576.2
"917",560.9
"918",561
"919",561.9
"920",560.8
"921",563.7
"922",562.9
"923",574.2
"924",570.6
"925",570.2
"926",571.6
"927",570.7
"928",573.4
"929",579.2
"930",579.5
"931",577.2
"932",576.6
"933",576
"934",561.7
"935",576.2
"936",574.8
"937",561.7
"938",561.8
"939",561.1
"940",561.3
"941",569.4
"942",574.4
"943",578
"944",570.8
"945",571.5
"946",576.2
"947",576.4
"948",570.3
"949",555.7
"950",541.9
"951",542.3
"952",546.1
"953",558
"954",558.6
"955",541.9
"956",540.8
"957",542.7
"958",546
"959",548.1
"960",545.4
"961",554.1
"962",540.1
"963",546
"964",540.7
"965",549.8
"966",546.8
"967",549.9
"968",558.6
"969",543.3
"970",559.7
"971",553.7
"972",559.8
"973",558.5
"974",549
"975",555
"976",550.7
"977",560.2
"978",541.9
"979",983.3
"980",982.8
"981",993.8
"982",996.7
"983",522.6
"984",525.3
"985",527.2
"986",531.4
"987",533.3
"988",538.1
"989",528.7
"990",530.2
"991",535.3
"992",537.6
"993",526.5
"994",524.7
"995",533.3
"996",531.7
"997",536.1
"998",521.3
"999",539.2
"1000",523.9
"1001",521.8
"1002",523.3
"1003",522.1
"1004",502.3
"1005",500.1
"1006",502.4
"1007",508.8
"1008",504.6
"1009",508.7
"1010",513.8
"1011",501.4
"1012",514.2
"1013",512.8
"1014",505.9
"1015",513.7
"1016",515.8
"1017",500.9
"1018",500.5
"1019",511.1
"1020",517.1
"1021",500.1
"1022",504.9
"1023",508.1
"1024",503.1
"1025",514.8
"1026",510.5
"1027",515.3
"1028",516
"1029",509.7
"1030",511.8
"1031",510.4
"1032",482.4
"1033",495.8
"1034",480.3
"1035",481.1
"1036",498
"1037",498.1
"1038",499.4
"1039",488.1
"1040",494.2
"1041",494.9
"1042",489.2
"1043",483.3
"1044",483.6
"1045",481.5
"1046",492.5
"1047",495.4
"1048",495.2
"1049",488
"1050",493.8
"1051",484.7
"1052",486.1
"1053",491.6
"1054",496.4
"1055",489.6
"1056",491.6
"1057",490.6
"1058",499.8
"1059",462.5
"1060",462
"1061",474.4
"1062",473
"1063",479.6
"1064",476
"1065",472.6
"1066",478.1
"1067",475.8
"1068",475.4
"1069",477.5
"1070",475.5
"1071",469.8
"1072",469.6
"1073",478.5
"1074",463.1
"1075",464.7
"1076",465.8
"1077",469
"1078",471.5
"1079",479
"1080",462.1
"1081",461.3
"1082",474.7
"1083",478.7
"1084",473.2
"1085",476.5
"1086",479.5
"1087",463.8
"1088",460.4
"1089",469.7
"1090",474.1
"1091",447.3
"1092",449.4
"1093",449.9
"1094",448.3
"1095",453
"1096",440.3
"1097",456.9
"1098",458
"1099",446
"1100",443.3
"1101",443.5
"1102",459.7
"1103",443.8
"1104",459.3
"1105",441.7
"1106",449.5
"1107",446
"1108",446.5
"1109",441.5
"1110",447.4
"1111",454.1
"1112",459.7
"1113",444.4
"1114",442
"1115",447.3
"1116",451.5
"1117",451.4
"1118",457.9
"1119",440.3
"1120",440.8
"1121",441.2
"1122",451.4
"1123",455.1
"1124",458.6
"1125",455.8
"1126",441.5
"1127",440.2
"1128",446.5
"1129",446.6
"1130",445.1
"1131",445.6
"1132",454.8
"1133",439
"1134",439.7
"1135",433
"1136",436.1
"1137",423.1
"1138",431.2
"1139",433.9
"1140",421.1
"1141",431.4
"1142",435.5
"1143",423.7
"1144",433.8
"1145",437
"1146",424.8
"1147",439
"1148",435.8
"1149",439.3
"1150",438.9
"1151",581.7
"1152",586.5
"1153",590.7
"1154",830.2
"1155",826.6
"1156",836.8
"1157",836.9
"1158",405.2
"1159",411.7
"1160",416.4
"1161",404.3
"1162",402.1
"1163",419.3
"1164",417.5
"1165",415.9
"1166",402.1
"1167",404.8
"1168",392.6
"1169",399.1
"1170",399.6
"1171",384.2
"1172",382.8
"1173",386.7
"1174",389.5
"1175",389.1
"1176",393.9
"1177",387.1
"1178",394.2
"1179",395.6
"1180",385.8
"1181",398.5
"1182",362.5
"1183",361.7
"1184",363.2
"1185",369.8
"1186",369.4
"1187",370.8
"1188",372.3
"1189",375.7
"1190",361.8
"1191",361.7
"1192",379.9
"1193",379.3
"1194",362.9
"1195",368.2
"1196",362
"1197",362.7
"1198",363.2
"1199",350.5
"1200",357
"1201",351.3
"1202",356.3
"1203",351.6
"1204",344.2
"1205",354
"1206",343.5
"1207",345.7
"1208",356.3
"1209",358.9
"1210",359.8
"1211",356.1
"1212",329
"1213",334.7
"1214",333.6
"1215",320.1
"1216",328.6
"1217",336.2
"1218",332.4
"1219",327.5
"1220",338.7
"1221",326
"1222",334.7
"1223",331.4
"1224",325.4
"1225",334
"1226",330.7
"1227",322.8
"1228",321
"1229",328.3
"1230",327.2
"1231",334.8
"1232",322.8
"1233",332
"1234",333.8
"1235",322.7
"1236",324.6
"1237",320.5
"1238",329.9
"1239",327.9
"1240",337.9
"1241",328.7
"1242",337.4
"1243",320.5
"1244",330.9
"1245",330.2
"1246",336.2
"1247",325.1
"1248",332.9
"1249",339.3
"1250",323.5
"1251",332.9
"1252",335.4
"1253",337.1
"1254",169.7
"1255",301.5
"1256",309.2
"1257",306.4
"1258",310.5
"1259",309.8
"1260",317.1
"1261",305.6
"1262",301.2
"1263",319.1
"1264",315.9
"1265",319.6
"1266",318.3
"1267",303.9
"1268",314.4
"1269",300.1
"1270",319.5
"1271",314.6
"1272",311.2
"1273",303.8
"1274",304.3
"1275",304.6
"1276",301.5
"1277",303.1
"1278",309
"1279",306.5
"1280",308.4
"1281",309.3
"1282",309.8
"1283",313.9
"1284",314.8
"1285",312
"1286",313.4
"1287",310.5
"1288",310.6
"1289",311.8
"1290",313.3
"1291",316
"1292",318.1
"1293",319.1
"1294",319.6
"1295",319.8
"1296",316.5
"1297",316.7
"1298",317.4
"1299",317
"1300",316.8
"1301",317.9
"1302",315.8
"1303",317.9
"1304",316.2
"1305",315.4
"1306",316.2
"1307",316
"1308",317.2
"1309",316.7
"1310",318.4
"1311",317.4
"1312",318.8
"1313",303.6
"1314",301.1
"1315",307.8
"1316",314.7
"1317",318.1
"1318",315.8
"1319",315.3
"1320",319.2
"1321",319.1
"1322",318.3
"1323",318.5
"1324",317.8
"1325",305.9
"1326",305.7
"1327",314.1
"1328",311
"1329",314.5
"1330",315.3
"1331",309.8
"1332",314.2
"1333",300.6
"1334",305
"1335",311.2
"1336",312.6
"1337",317
"1338",317.6
"1339",317.6
"1340",301
"1341",300.5
"1342",304.6
"1343",303.6
"1344",304.9
"1345",305.2
"1346",308.8
"1347",309.6
"1348",309.6
"1349",309.9
"1350",311.6
"1351",312
"1352",311.7
"1353",311.6
"1354",311.9
"1355",311.7
"1356",309.9
"1357",316.1
"1358",315.2
"1359",317
"1360",303.4
"1361",300.8
"1362",301.8
"1363",303.1
"1364",313.5
"1365",663.3
"1366",280.2
"1367",297.2
"1368",284.8
"1369",285.4
"1370",294.3
"1371",292.2
"1372",290.5
"1373",296.2
"1374",298
"1375",292.1
"1376",295.6
"1377",298.9
"1378",285.5
"1379",284.9
"1380",299.4
"1381",281.1
"1382",281.4
"1383",286.3
"1384",288.6
"1385",285.2
"1386",285.3
"1387",288.2
"1388",287.6
"1389",288.3
"1390",289.5
"1391",286.6
"1392",293.9
"1393",295.5
"1394",283.1
"1395",285.3
"1396",285.8
"1397",285.1
"1398",289.6
"1399",289.1
"1400",287.3
"1401",292.9
"1402",292.9
"1403",295.4
"1404",297.9
"1405",295.1
"1406",280.4
"1407",280.7
"1408",280.9
"1409",284.9
"1410",284
"1411",288.6
"1412",287.2
"1413",281.8
"1414",289.1
"1415",291.9
"1416",295.8
"1417",295.9
"1418",283.8
"1419",282.5
"1420",284.9
"1421",286
"1422",285.2
"1423",285.9
"1424",286.1
"1425",285.2
"1426",286.1
"1427",287.2
"1428",287.7
"1429",288.1
"1430",289.2
"1431",287.8
"1432",287.8
"1433",287.2
"1434",286.4
"1435",285.8
"1436",285.8
"1437",293.2
"1438",291.5
"1439",294.2
"1440",296.1
"1441",284.5
"1442",284.7
"1443",283.1
"1444",289.4
"1445",290
"1446",285.3
"1447",289.8
"1448",289.8
"1449",289.1
"1450",287.6
"1451",290.1
"1452",290.4
"1453",291.3
"1454",292.6
"1455",293.2
"1456",293.9
"1457",294.9
"1458",294.9
"1459",293.9
"1460",294.3
"1461",293.8
"1462",290.2
"1463",291.3
"1464",291.4
"1465",292.8
"1466",290.5
"1467",293.7
"1468",292.8
"1469",297.5
"1470",295.1
"1471",298.9
"1472",297.5
"1473",297.2
"1474",295.8
"1475",284.8
"1476",285.3
"1477",292.4
"1478",295.6
"1479",295.7
"1480",293.3
"1481",264.4
"1482",264.6
"1483",264.4
"1484",265.7
"1485",266.8
"1486",267.4
"1487",268.7
"1488",274.5
"1489",271.8
"1490",274.5
"1491",274.3
"1492",274.6
"1493",272
"1494",272.8
"1495",275.4
"1496",279.1
"1497",279.4
"1498",276.5
"1499",275.9
"1500",276.5
"1501",277
"1502",278.4
"1503",279.3
"1504",279.7
"1505",264.7
"1506",269.6
"1507",265.9
"1508",273.7
"1509",273.3
"1510",273.8
"1511",271.7
"1512",273.3
"1513",270.2
"1514",270.1
"1515",274.8
"1516",275
"1517",275
"1518",279.4
"1519",277
"1520",276.2
"1521",277.2
"1522",277.6
"1523",277.7
"1524",276.5
"1525",278.5
"1526",276.5
"1527",276.9
"1528",269.2
"1529",271.5
"1530",270.4
"1531",279
"1532",277.8
"1533",266.8
"1534",261
"1535",266.1
"1536",268.2
"1537",279.5
"1538",272.3
"1539",269
"1540",278.2
"1541",273.8
"1542",270.9
"1543",278.7
"1544",263.7
"1545",264.8
"1546",263.7
"1547",263.4
"1548",265.9
"1549",270.6
"1550",273.2
"1551",273.3
"1552",278.4
"1553",278.2
"1554",261
"1555",274.1
"1556",274.6
"1557",276.9
"1558",278.8
"1559",275
"1560",244.6
"1561",252.4
"1562",249.8
"1563",248.8
"1564",248.2
"1565",251.8
"1566",250.6
"1567",257
"1568",242.6
"1569",252
"1570",259.1
"1571",245.4
"1572",248.8
"1573",250.6
"1574",259.6
"1575",246.6
"1576",253.1
"1577",248.4
"1578",246.1
"1579",249.2
"1580",250.4
"1581",251.9
"1582",245.4
"1583",255.5
"1584",242.1
"1585",243.6
"1586",248.2
"1587",234.1
"1588",220.1
"1589",239.2
"1590",220
"1591",226.5
"1592",227.1
"1593",237.3
"1594",232.8
"1595",224.8
"1596",234.3
"1597",235.2
"1598",226.8
"1599",231.3
"1600",233.8
"1601",239.8
"1602",235.3
"1603",238.3
"1604",223
"1605",239.5
"1606",238.6
"1607",223.1
"1608",220.1
"1609",222.2
"1610",224.8
"1611",225.8
"1612",233.9
"1613",229.2
"1614",235.2
"1615",230.9
"1616",231.5
"1617",232.9
"1618",238.1
"1619",217.3
"1620",219.7
"1621",217.5
"1622",202
"1623",203.2
"1624",204.1
"1625",202
"1626",213.7
"1627",216.2
"1628",215.8
"1629",204.9
"1630",208.3
"1631",205.4
"1632",217.7
"1633",204.3
"1634",204.8
"1635",202.1
"1636",205.7
"1637",207.4
"1638",209.7
"1639",215.6
"1640",208
"1641",208.1
"1642",216.3
"1643",217.7
"1644",216.4
"1645",201.2
"1646",209
"1647",180.2
"1648",189.7
"1649",188.9
"1650",186
"1651",184
"1652",188.4
"1653",182.4
"1654",184.6
"1655",188.9
"1656",199.6
"1657",187.8
"1658",194.5
"1659",198.4
"1660",198.5
"1661",196.3
"1662",195.7
"1663",180.4
"1664",183.9
"1665",185.6
"1666",196.8
"1667",186.1
"1668",182.2
"1669",184.6
"1670",191
"1671",199.4
"1672",192.1
"1673",191.2
"1674",196
"1675",199.8
"1676",192.2
"1677",189.1
"1678",191.5
"1679",192.3
"1680",183.5
"1681",189.3
"1682",199.6
"1683",186.1
"1684",187.8
"1685",195.6
"1686",186.5
"1687",194.9
"1688",178.2
"1689",172.3
"1690",176.3
"1691",166
"1692",169
"1693",165.1
"1694",171.5
"1695",171.9
"1696",176
"1697",167.1
"1698",172.6
"1699",172.8
"1700",172
"1701",173.8
"1702",176.3
"1703",179
"1704",163.8
"1705",163.2
"1706",169.9
"1707",167.4
"1708",160.7
"1709",164
"1710",164.9
"1711",173.9
"1712",174.2
"1713",175.2
"1714",168.1
"1715",175.8
"1716",176.7
"1717",160.4
"1718",161.4
"1719",171.4
"1720",179.2
"1721",163.4
"1722",175.2
"1723",162
"1724",166.7
"1725",166.1
"1726",178.6
"1727",175.3
"1728",165.9
"1729",169.5
"1730",162.2
"1731",169
"1732",160.8
"1733",162.8
"1734",163.6
"1735",176.9
"1736",165.1
"1737",173.4
"1738",171.9
"1739",162.9
"1740",168.8
"1741",160.6
"1742",161
"1743",152.4
"1744",154.5
"1745",153.6
"1746",140.6
"1747",151.2
"1748",153.4
"1749",155.2
"1750",147.3
"1751",146.1
"1752",145.8
"1753",149.9
"1754",156.2
"1755",141.5
"1756",159.2
"1757",140.6
"1758",148.4
"1759",158.1
"1760",158.1
"1761",156.3
"1762",155.8
"1763",143.4
"1764",147.2
"1765",154.9
"1766",154.4
"1767",155.5
"1768",155
"1769",157.4
"1770",155.3
"1771",141.8
"1772",145.4
"1773",146.1
"1774",151.9
"1775",150.9
"1776",157.2
"1777",158
"1778",140.9
"1779",144.1
"1780",142.8
"1781",141
"1782",140.4
"1783",149.1
"1784",146.3
"1785",156.9
"1786",148.7
"1787",145.9
"1788",151.8
"1789",144.9
"1790",149
"1791",153.6
"1792",159.6
"1793",152.6
"1794",153.3
"1795",155.6
"1796",156
"1797",145.1
"1798",149.6
"1799",154
"1800",125.1
"1801",129
"1802",127.1
"1803",136.2
"1804",135.5
"1805",125.8
"1806",127.8
"1807",124.8
"1808",123.1
"1809",134.9
"1810",125.7
"1811",131.7
"1812",120.1
"1813",122.5
"1814",134.7
"1815",132.5
"1816",139.5
"1817",137
"1818",124.2
"1819",139.9
"1820",122.4
"1821",122.6
"1822",130.4
"1823",131.3
"1824",131.1
"1825",130.5
"1826",138.7
"1827",135.8
"1828",121.8
"1829",124
"1830",121.5
"1831",120.8
"1832",124.1
"1833",124.1
"1834",128.9
"1835",127.4
"1836",131.8
"1837",122.2
"1838",120.1
"1839",121.4
"1840",121.1
"1841",124.9
"1842",124.6
"1843",127.9
"1844",128.8
"1845",133.8
"1846",133.7
"1847",139.7
"1848",125.5
"1849",121.8
"1850",123.4
"1851",139.4
"1852",139.4
"1853",136.4
"1854",138.2
"1855",129
"1856",138.8
"1857",122.2
"1858",134.3
"1859",135.6
"1860",122.2
"1861",122
"1862",120.1
"1863",124.3
"1864",132
"1865",138
"1866",129
"1867",127.9
"1868",134.3
"1869",134.1
"1870",132.3
"1871",133.2
"1872",112.3
"1873",105.9
"1874",106
"1875",104
"1876",114.1
"1877",118.6
"1878",116.5
"1879",107.9
"1880",101.4
"1881",109.4
"1882",114.1
"1883",103.2
"1884",100.1
"1885",102.5
"1886",113.9
"1887",106.6
"1888",118.1
"1889",118.5
"1890",102.3
"1891",113.7
"1892",119.2
"1893",100.6
"1894",111.7
"1895",119.6
"1896",119.6
"1897",118.6
"1898",113.6
"1899",118.8
"1900",101.2
"1901",104.8
"1902",102.7
"1903",109.8
"1904",100.2
"1905",101.8
"1906",104
"1907",101.2
"1908",109.7
"1909",114.8
"1910",100.1
"1911",108.6
"1912",100.7
"1913",101.8
"1914",115.3
"1915",104.1
"1916",107.4
"1917",106.2
"1918",101.2
"1919",110.7
"1920",104.3
"1921",100.6
"1922",104.1
"1923",108.2
"1924",111.8
"1925",113.6
"1926",118.4
"1927",110
"1928",103.3
"1929",102.4
"1930",106.2
"1931",112.5
"1932",118.8
"1933",96.6
"1934",98.2
"1935",95.2
"1936",96.7
"1937",97.3
"1938",111
"1939",119.9
"1940",87.2
"1941",85.3
"1942",84.4
"1943",86.8
"1944",91.6
"1945",90.3
"1946",87.7
"1947",93.8
"1948",98.8
"1949",96.9
"1950",93.5
"1951",81.1
"1952",86.8
"1953",88.3
"1954",89.6
"1955",88.5
"1956",83.1
"1957",87.7
"1958",98.7
"1959",82.1
"1960",85.5
"1961",93.3
"1962",96.2
"1963",86.8
"1964",85.9
"1965",94.9
"1966",95.2
"1967",82
"1968",81.6
"1969",82.3
"1970",88.8
"1971",89.8
"1972",87
"1973",96.4
"1974",84.8
"1975",90.9
"1976",90.9
"1977",98.7
"1978",88.7
"1979",91.8
"1980",92.7
"1981",98.4
"1982",98.6
"1983",81.6
"1984",86.9
"1985",85.1
"1986",93.8
"1987",92.8
"1988",96.7
"1989",82.7
"1990",82.8
"1991",89.7
"1992",84
"1993",84.4
"1994",81.7
"1995",81.1
"1996",82.7
"1997",86.2
"1998",91.3
"1999",82
"2000",81.6
"2001",84.5
"2002",87.5
"2003",88.1
"2004",89.2
"2005",90.7
"2006",98.8
"2007",84.5
"2008",85.5
"2009",86
"2010",84.6
"2011",84.4
"2012",93.6
"2013",82.1
"2014",83.4
"2015",84.1
"2016",90.1
"2017",90.2
"2018",90.5
"2019",69.3
"2020",67.5
"2021",69.1
"2022",66.3
"2023",65.1
"2024",65.5
"2025",67.1
"2026",74.7
"2027",75.2
"2028",72.4
"2029",72.3
"2030",71.4
"2031",78.2
"2032",63.1
"2033",63.1
"2034",64.3
"2035",65.8
"2036",69.7
"2037",68.9
"2038",70.9
"2039",72.7
"2040",79.3
"2041",63.6
"2042",60.7
"2043",62.2
"2044",78.7
"2045",76.2
"2046",78.8
"2047",64.3
"2048",62.9
"2049",68.6
"2050",73.6
"2051",74.6
"2052",60.2
"2053",69.9
"2054",74.4
"2055",77.2
"2056",61
"2057",62.5
"2058",64.6
"2059",65.9
"2060",73.2
"2061",62.7
"2062",68.5
"2063",79
"2064",77.7
"2065",70.1
"2066",72.3
"2067",66.9
"2068",77.2
"2069",61.2
"2070",61.4
"2071",72.1
"2072",70.8
"2073",71.7
"2074",62.1
"2075",77.5
"2076",74.8
"2077",73.1
"2078",75.2
"2079",76.9
"2080",76.4
"2081",78.2
"2082",65.9
"2083",71.9
"2084",75.8
"2085",79
"2086",79.2
"2087",59.7
"2088",41
"2089",42.8
"2090",42.3
"2091",40.2
"2092",40.7
"2093",50.6
"2094",51.9
"2095",48
"2096",50.2
"2097",53
"2098",58.6
"2099",45.2
"2100",56.7
"2101",43.1
"2102",55.2
"2103",43.1
"2104",43.8
"2105",41.4
"2106",57.2
"2107",59.4
"2108",43.4
"2109",41.7
"2110",57.1
"2111",56.9
"2112",56.2
"2113",42.9
"2114",56.2
"2115",49.8
"2116",52.5
"2117",57
"2118",59.2
"2119",40.1
"2120",52.7
"2121",52.7
"2122",56.1
"2123",58.2
"2124",55.3
"2125",55.3
"2126",44.3
"2127",44.6
"2128",44.8
"2129",47.8
"2130",49.4
"2131",52.5
"2132",56
"2133",48.2
"2134",42.1
"2135",51.5
"2136",58.6
"2137",41.7
"2138",48.6
"2139",56.1
"2140",55.9
"2141",43.6
"2142",44.3
"2143",47.4
"2144",51.6
"2145",58.6
"2146",49.3
"2147",52.5
"2148",53.9
"2149",52.5
"2150",50.3
"2151",42.5
"2152",42.4
"2153",46.3
"2154",45.7
"2155",47.4
"2156",52.8
"2157",54
"2158",52
"2159",55.3
"2160",56.3
"2161",57
"2162",57.4
"2163",57
"2164",56.3
"2165",43.7
"2166",49.6
"2167",51.4
"2168",57.9
"2169",48.2
"2170",49.4
"2171",59.4
"2172",48.5
"2173",55.2
"2174",59
"2175",64.4
"2176",69.2
"2177",66.6
"2178",68.1
"2179",26.1
"2180",32.7
"2181",29.9
"2182",24.7
"2183",23.8
"2184",26.3
"2185",34.6
"2186",38.2
"2187",37
"2188",39.2
"2189",24.8
"2190",24.7
"2191",20.8
"2192",24.3
"2193",27.7
"2194",32.5
"2195",29.9
"2196",20.6
"2197",24.6
"2198",38.3
"2199",24.2
"2200",29.8
"2201",24.7
"2202",39
"2203",29.5
"2204",29.8
"2205",27.9
"2206",31.1
"2207",34.5
"2208",31.2
"2209",31.8
"2210",33.4
"2211",33.5
"2212",31.9
"2213",31.8
"2214",34
"2215",33.6
"2216",39.4
"2217",20.2
"2218",22.6
"2219",22.6
"2220",20.7
"2221",25.3
"2222",25.4
"2223",30.9
"2224",34.2
"2225",34.3
"2226",30.6
"2227",35.2
"2228",20.1
"2229",20.1
"2230",24.1
"2231",24.1
"2232",30.7
"2233",39.2
"2234",37.3
"2235",38.9
"2236",28.6
"2237",28.2
"2238",27.3
"2239",28.6
"2240",33.4
"2241",30.9
"2242",31.5
"2243",34
"2244",35.3
"2245",39.6
"2246",24
"2247",23.7
"2248",29.2
"2249",36.3
"2250",23.2
"2251",28.7
"2252",24.9
"2253",27.5
"2254",27.1
"2255",32
"2256",39.2
"2257",29.6
"2258",30.7
"2259",29.2
"2260",36.6
"2261",20.8
"2262",25.3
"2263",33.9
"2264",24.2
"2265",38.8
"2266",27.4
"2267",29.5
"2268",34.7
"2269",34.5
"2270",46.8
"2271",2.5
"2272",2.8
"2273",7.5
"2274",7.9
"2275",18.6
"2276",19.2
"2277",19
"2278",1.8
"2279",1.8
"2280",9.5
"2281",11.7
"2282",19.9
"2283",1
"2284",8.7
"2285",17.2
"2286",4.2
"2287",4.5
"2288",13.9
"2289",10.2
"2290",4.4
"2291",14.9
"2292",0.7
"2293",14.8
"2294",5.1
"2295",12.4
"2296",15.2
"2297",19.3
"2298",17.1
"2299",1.7
"2300",3.6
"2301",5.2
"2302",8.9
"2303",12.9
"2304",11.4
"2305",13.2
"2306",15.1
"2307",4.1
"2308",4.3
"2309",8.5
"2310",12.9
"2311",11.3
"2312",12.5
"2313",16.2
"2314",2.7
"2315",0.2
"2316",4
"2317",5.8
"2318",13.1
"2319",15.2
"2320",0.1
"2321",4.6
"2322",5.2
"2323",5.7
"2324",9.6
"2325",10.4
"2326",12.1
"2327",13.4
"2328",15.5
"2329",19.3
"2330",19.5
"2331",1.2
"2332",0.4
"2333",0.9
"2334",5.2
"2335",6.9
"2336",9.1
"2337",12.3
"2338",15.2
"2339",19.1
"2340",16.8
"2341",18.8
"2342",17.3
"2343",17.7
"2344",18.5
"2345",3.8
"2346",0.8
"2347",6.2
"2348",9.3
"2349",10.8
"2350",12
"2351",16
"2352",9.6
"2353",8
"2354",5.9
"2355",8.8
"2356",13.3
"2357",19.3
"2358",13.6
"2359",13.8
"2360",7.4
"2361",11.3
"2362",14.6
"2363",12.9
"2364",14.1
"2365",12.9
"2366",16.6
"2367",7.9
"2368",17.7
"2369",18.7
"2370",5.2
"2371",12
"2372",19.9
"2373",72.1
"2374",78.7
"2375",93.8
"2376",77
"2377",77.1
"2378",79.7
"2379",0.2
"2380",9.2
"2381",19.1
"2382",15.9
"2383",12.1
"2384",11.9
"2385",5.1
"2386",12.6
"2387",12.1
"2388",10.6
"2389",15.2
"2390",7.2
"2391",6.5
"2392",6.7
"2393",11.4
"2394",10.8
"2395",11.8
"2396",2.5
"2397",12.3
"2398",0.8
"2399",16.4
"2400",12.7
"2401",24.3
"2402",35.8
"2403",24.3
"2404",33.2
"2405",29.7
"2406",26.9
"2407",28.8
"2408",30.6
"2409",25.2
"2410",23.1
"2411",22.3
"2412",21.2
"2413",31.8
"2414",29.3
"2415",22.2
"2416",34.5
"2417",27.6
"2418",29.2
"2419",20.2
"2420",314.1
"2421",316.7
"2422",51.7
"2423",47.7
"2424",51.7
"2425",51.8
"2426",51.5
"2427",58.1
"2428",55.1
"2429",43.6
"2430",45.6
"2431",55.4
"2432",54.8
"2433",54.8
"2434",54.1
"2435",49.5
"2436",79.9
"2437",76.7
"2438",62.5
"2439",73.8
"2440",62.2
"2441",60.8
"2442",62
"2443",68.3
"2444",72.2
"2445",79.7
"2446",79.6
"2447",81.3
"2448",83.3
"2449",92.1
"2450",90.2
"2451",96.7
"2452",80.8
"2453",82.1
"2454",92.7
"2455",98.9
"2456",86.1
"2457",90.2
"2458",81.9
"2459",82.7
"2460",98.5
"2461",109.6
"2462",115.8
"2463",106.7
"2464",109.3
"2465",104.4
"2466",101.6
"2467",109.2
"2468",115.8
"2469",119
"2470",108.6
"2471",101.7
"2472",100.1
"2473",113.8
"2474",112
"2475",102.2
"2476",128.6
"2477",138
"2478",122
"2479",127
"2480",138.9
"2481",134.8
"2482",135.3
"2483",135.5
"2484",157.6
"2485",159
"2486",150.1
"2487",145.2
"2488",142.5
"2489",152.6
"2490",145.1
"2491",146.8
"2492",147.9
"2493",149.5
"2494",149.7
"2495",150.1
"2496",155.6
"2497",159.5
"2498",151.5
"2499",150.5
"2500",158.9
"2501",151.9
"2502",153.7
"2503",153
"2504",155.6
"2505",155.8
"2506",157.5
"2507",148.7
"2508",153
"2509",146.7
"2510",144.5
"2511",157.2
"2512",158.6
"2513",153.6
"2514",163.9
"2515",164.4
"2516",161.3
"2517",160
"2518",178.9
"2519",162.8
"2520",170.7
"2521",162.2
"2522",165.7
"2523",173.3
"2524",163.6
"2525",161.1
"2526",182.4
"2527",184
"2528",180.2
"2529",201.8
"2530",219.5
"2531",215.7
"2532",200.3
"2533",229.6
"2534",224
"2535",228.2
"2536",245.9
"2537",247.5
"2538",251.7
"2539",251.9
"2540",249.3
"2541",253.7
"2542",260.3
"2543",278.3
"2544",260.9
"2545",260.1
"2546",273
"2547",272.8
"2548",278.5
"2549",278
"2550",277
"2551",277.9
"2552",278.9
"2553",277.3
"2554",269.7
"2555",277.6
"2556",272.2
"2557",265.1
"2558",273.6
"2559",278.5
"2560",277.7
"2561",274.8
"2562",273.1
"2563",279.8
"2564",279
"2565",260.5
"2566",279.8
"2567",264.6
"2568",286.9
"2569",296
"2570",281.2
"2571",283.5
"2572",286.7
"2573",286.9
"2574",294
"2575",284.7
"2576",280.8
"2577",282.3
"2578",280.4
"2579",285.7
"2580",287.6
"2581",286.3
"2582",284.7
"2583",290.6
"2584",291.1
"2585",291.7
"2586",294.2
"2587",290.8
"2588",291.2
"2589",296.4
"2590",302.1
"2591",319.3
"2592",314.3
"2593",315.6
"2594",314.9
"2595",315.8
"2596",316.7
"2597",317
"2598",318.7
"2599",318.7
"2600",316.7
"2601",316.1
"2602",316.8
"2603",318.4
"2604",318.3
"2605",317.9
"2606",317.2
"2607",316.2
"2608",317.1
"2609",316.1
"2610",315.4
"2611",315.8
"2612",316.7
"2613",318
"2614",317.7
"2615",313.6
"2616",314.5
"2617",307
"2618",301
"2619",316.3
"2620",311.9
"2621",313.6
"2622",313.3
"2623",309.9
"2624",300.9
"2625",310.2
"2626",301.9
"2627",311.7
"2628",308
"2629",308.4
"2630",308.3
"2631",306.7
"2632",306.4
"2633",305.2
"2634",317
"2635",306.4
"2636",305.2
"2637",310.9
"2638",309.5
"2639",309.9
"2640",309.9
"2641",313.4
"2642",313.7
"2643",314.7
"2644",315.7
"2645",312.7
"2646",312.1
"2647",313.9
"2648",313.4
"2649",312.9
"2650",312.2
"2651",311.5
"2652",310.2
"2653",310.1
"2654",315.2
"2655",318
"2656",316
"2657",315.2
"2658",315.9
"2659",316.9
"2660",300.1
"2661",306.4
"2662",311
"2663",315.1
"2664",311.4
"2665",324.9
"2666",326.8
"2667",341.1
"2668",348.4
"2669",396.8
"2670",407.3
"2671",424.2
"2672",436.5
"2673",422.9
"2674",463
"2675",461.1
"2676",470.8
"2677",475.3
"2678",467.4
"2679",473.7
"2680",467.4
"2681",491.7
"2682",492.1
"2683",489
"2684",501.3
"2685",505.7
"2686",514.4
"2687",519
"2688",517.6
"2689",507.7
"2690",503.7
"2691",513
"2692",501
"2693",503.8
"2694",514.8
"2695",513.5
"2696",521.1
"2697",528.3
"2698",530.6
"2699",534
"2700",530.8
"2701",536.8
"2702",527.7
"2703",532
"2704",544
"2705",540.5
"2706",564.2
"2707",561.2
"2708",563.6
"2709",565.7
"2710",566.3
"2711",564.4
"2712",566.9
"2713",567.2
"2714",565.9
"2715",563.9
"2716",562.4
"2717",577.8
"2718",576
"2719",579.8
"2720",567.4
"2721",565.7
"2722",570.2
"2723",571.6
"2724",574.9
"2725",565.3
"2726",560.1
"2727",583.8
"2728",581.1
"2729",591.7
"2730",581.2
"2731",585.5
"2732",594.7
"2733",592.8
"2734",597.5
"2735",599.4
"2736",589.2
"2737",596.9
"2738",609.9
"2739",601.2
"2740",609.7
"2741",616.9
"2742",612.9
"2743",615.1
"2744",604.6
"2745",609.1
"2746",610.1
"2747",601.6
"2748",603.7
"2749",619.5
"2750",615.1
"2751",622.5
"2752",627.7
"2753",629.3
"2754",632.3
"2755",634.2
"2756",624.2
"2757",625.8
"2758",629.3
"2759",632.3
"2760",630.7
"2761",639.7
"2762",622.7
"2763",639.1
"2764",624.2
"2765",621.1
"2766",633.8
"2767",629.7
"2768",642.4
"2769",644.5
"2770",642.6
"2771",647.6
"2772",653.5
"2773",659.4
"2774",659.2
"2775",642.4
"2776",644.2
"2777",658.6
"2778",650.8
"2779",659.5
"2780",644.6
"2781",643.4
"2782",649.9
"2783",647
"2784",661.1
"2785",674.6
"2786",660.3
"2787",669.2
"2788",678.1
"2789",662.5
"2790",679.2
"2791",677.8
"2792",660.1
"2793",660.6
"2794",665.5
"2795",671
"2796",669.3
"2797",674.9
"2798",679.9
"2799",670.5
"2800",681.8
"2801",687.7
"2802",681.7
"2803",685.7
"2804",691.2
"2805",694.7
"2806",698.9
"2807",697
"2808",696.4
"2809",685
"2810",704.4
"2811",704.7
"2812",703.9
"2813",708.2
"2814",701.9
"2815",706.4
"2816",706.3
"2817",705.7
"2818",705.7
"2819",711.5
"2820",716.7
"2821",700.5
"2822",710.7
"2823",719.4
"2824",702.8
"2825",706.8
"2826",714.8
"2827",717.5
"2828",705.7
"2829",716.2
"2830",712.9
"2831",729.1
"2832",723.3
"2833",728.6
"2834",734.2
"2835",735.9
"2836",738.5
"2837",725.4
"2838",734.7
"2839",736.7
"2840",726.8
"2841",744.9
"2842",743.2
"2843",749.1
"2844",749.2
"2845",747
"2846",751
"2847",754.5
"2848",778.2
"2849",765.4
"2850",774.9
"2851",785.5
"2852",793.8
"2853",781.7
"2854",793.5
"2855",786.6
"2856",799.7
"2857",799.8
"2858",796.8
"2859",805.4
"2860",805.9
"2861",819.9
"2862",805.9
"2863",810.8
"2864",813.5
"2865",815.6
"2866",802.6
"2867",801.1
"2868",809.2
"2869",809.8
"2870",809.7
"2871",810.2
"2872",813.1
"2873",810.3
"2874",812.7
"2875",812.1
"2876",815.8
"2877",836.7
"2878",825.1
"2879",835.4
"2880",828.3
"2881",829.8
"2882",824.6
"2883",823.8
"2884",823.2
"2885",831.7
"2886",836.1
"2887",829.5
"2888",838.6
"2889",839.1
"2890",836.3
"2891",847.5
"2892",840.8
"2893",857
"2894",846.5
"2895",841.3
"2896",851.3
"2897",844.2
"2898",847
"2899",847.9
"2900",845.7
"2901",846.8
"2902",855.3
"2903",855.5
"2904",875.1
"2905",873.1
"2906",864.8
"2907",864.8
"2908",864.7
"2909",866.7
"2910",866.1
"2911",873.9
"2912",865.5
"2913",867.6
"2914",877.4
"2915",863
"2916",861
"2917",873.5
"2918",898.4
"2919",895.9
"2920",886.2
"2921",889.9
"2922",890.5
"2923",893.5
"2924",899.5
"2925",903.9
"2926",912.2
"2927",925
"2928",929.9
"2929",920.5
"2930",931
"2931",928
"2932",930.5
"2933",944.1
"2934",963.1
"2935",980.8
"2936",993
"2937",983
"2938",996.4
"2939",7.3
"2940",4
"2941",12.1
"2942",3.8
"2943",18.4
"2944",3.2
"2945",16.9
"2946",5.1
"2947",19.1
"2948",6.3
"2949",5.8
"2950",30.2
"2951",36.4
"2952",35.1
"2953",20.2
"2954",20.1
"2955",20.8
"2956",31.2
"2957",22
"2958",29.2
"2959",24.9
"2960",35.8
"2961",333.8
"2962",337.4
"2963",335.6
"2964",46.6
"2965",47.7
"2966",42.9
"2967",40.6
"2968",54.8
"2969",51.6
"2970",50.1
"2971",53.6
"2972",47.7
"2973",76.8
"2974",42.4
"2975",76.6
"2976",64
"2977",74.5
"2978",75.9
"2979",70.4
"2980",79.5
"2981",63.4
"2982",65.1
"2983",62.5
"2984",74.9
"2985",68.1
"2986",65.9
"2987",69.3
"2988",71.9
"2989",79.2
"2990",81.4
"2991",94.2
"2992",81.6
"2993",93.9
"2994",99.4
"2995",83.5
"2996",256
"2997",114.3
"2998",113.6
"2999",111.8
"3000",112.9
"3001",113.4
"3002",103.6
"3003",104.4
"3004",105.6
"3005",104.1
"3006",107.2
"3007",106.7
"3008",129
"3009",125.2
"3010",125.3
"3011",123.3
"3012",127.9
"3013",122.1
"3014",127.5
"3015",125.7
"3016",134.1
"3017",133.2
"3018",133.9
"3019",123.1
"3020",158.5
"3021",154.4
"3022",159
"3023",143.7
"3024",144.7
"3025",157.4
"3026",148.2
"3027",148.5
"3028",148.4
"3029",150.9
"3030",154.1
"3031",147.3
"3032",151.2
"3033",161.2
"3034",160.3
"3035",175.7
"3036",163.5
"3037",175.1
"3038",170.9
"3039",173.8
"3040",173.1
"3041",175.1
"3042",177.7
"3043",171.7
"3044",181
"3045",181
"3046",183.8
"3047",190.5
"3048",209
"3049",203.5
"3050",818.1
"3051",817.6
"3052",222
"3053",222
"3054",226
"3055",227
"3056",247.4
"3057",244.3
"3058",244.3
"3059",251
"3060",254.8
"3061",255.3
"3062",255.4
"3063",259.8
"3064",255.1
"3065",247.1
"3066",250.2
"3067",244.8
"3068",249.1
"3069",270.7
"3070",261.5
"3071",276
"3072",279.6
"3073",267.2
"3074",276.4
"3075",277.5
"3076",289
"3077",287.1
"3078",285.7
"3079",294
"3080",294.1
"3081",282.1
"3082",283.6
"3083",296.9
"3084",295.2
"3085",296
"3086",299.9
"3087",291
"3088",293.5
"3089",293
"3090",292.2
"3091",299
"3092",295.5
"3093",302
"3094",303.2
"3095",309.1
"3096",311.6
"3097",311.8
"3098",314.2
"3099",319
"3100",316.4
"3101",305.1
"3102",300.1
"3103",300.1
"3104",306.1
"3105",308.2
"3106",311.7
"3107",311.4
"3108",315.4
"3109",300.1
"3110",306
"3111",318.3
"3112",331
"3113",339.7
"3114",329.6
"3115",332.9
"3116",337
"3117",328.8
"3118",332.3
"3119",323.3
"3120",348.3
"3121",392.2
"3122",387.1
"3123",438
"3124",438.4
"3125",439
"3126",437.3
"3127",438.2
"3128",454.9
"3129",443
"3130",441.9
"3131",445.9
"3132",471.9
"3133",467.5
"3134",478.7
"3135",493.7
"3136",492.9
"3137",486.2
"3138",497.1
"3139",488.3
"3140",493.8
"3141",496.3
"3142",495.8
"3143",486.5
"3144",489.4
"3145",492.5
"3146",493.1
"3147",491.9
"3148",480
"3149",514.2
"3150",514.7
"3151",517.1
"3152",500.1
"3153",503.1
"3154",504.1
"3155",519.7
"3156",526
"3157",526.5
"3158",534.2
"3159",539.6
"3160",539.3
"3161",524.2
"3162",555.8
"3163",544.9
"3164",547.5
"3165",551.6
"3166",546.1
"3167",554.3
"3168",563.3
"3169",561.2
"3170",560.6
"3171",563.6
"3172",565.9
"3173",566.1
"3174",566
"3175",569.1
"3176",571.4
"3177",571.4
"3178",577.9
"3179",577.4
"3180",562.6
"3181",566.9
"3182",575.2
"3183",570.3
"3184",579.6
"3185",576.8
"3186",579.7
"3187",579.7
"3188",583
"3189",580.1
"3190",591
"3191",583.3
"3192",584.9
"3193",589.9
"3194",585.7
"3195",588.7
"3196",591.3
"3197",596.4
"3198",595.7
"3199",594.2
"3200",591.4
"3201",587.8
"3202",608.2
"3203",606.3
"3204",608.6
"3205",603.6
"3206",604.6
"3207",618.2
"3208",604.8
"3209",607.8
"3210",606.8
"3211",624.6
"3212",630.7
"3213",639.1
"3214",634.9
"3215",639.7
"3216",649.8
"3217",658.5
"3218",645.9
"3219",649.4
"3220",647.6
"3221",644.7
"3222",650.6
"3223",665.4
"3224",668.7
"3225",666
"3226",676.6
"3227",665.6
"3228",681.6
"3229",690.5
"3230",711.4
"3231",716.7
"3232",705.5
"3233",714.7
"3234",714.7
"3235",728.9
"3236",724
"3237",724.5
"3238",732.8
"3239",726
"3240",744.7
"3241",742.9
"3242",742.2
"3243",743.7
"3244",743.9
"3245",744.7
"3246",746.4
"3247",749
"3248",746.8
"3249",745.6
"3250",747.7
"3251",751.4
"3252",750.2
"3253",744.8
"3254",745.1
"3255",750.5
"3256",740.2
"3257",748.1
"3258",772.3
"3259",778.3
"3260",784.8
"3261",780.3
"3262",798
"3263",797.8
"3264",799.7
"3265",787.9
"3266",792.2
"3267",798.7
"3268",796.6
"3269",799.4
"3270",804.6
"3271",801.3
"3272",810.3
"3273",813
"3274",819.4
"3275",813.8
"3276",810.1
"3277",804.9
"3278",819.6
"3279",817.7
"3280",818.8
"3281",811.3
"3282",813.1
"3283",815.2
"3284",816.6
"3285",816.7
"3286",816
"3287",819
"3288",811.1
"3289",814.9
"3290",811.6
"3291",825.4
"3292",824.6
"3293",823.3
"3294",823.3
"3295",822.9
"3296",821.1
"3297",821.9
"3298",821.6
"3299",821.8
"3300",822
"3301",824.8
"3302",824.4
"3303",823.4
"3304",823.3
"3305",822.9
"3306",824.1
"3307",825.9
"3308",825.8
"3309",826.5
"3310",825.3
"3311",838.6
"3312",823.6
"3313",837
"3314",837.2
"3315",825.4
"3316",839.1
"3317",837.5
"3318",834.3
"3319",842.9
"3320",848.3
"3321",841.6
"3322",845.5
"3323",850.2
"3324",841.4
"3325",853.9
"3326",857.7
"3327",850.6
"3328",859.8
"3329",848.9
"3330",840.5
"3331",857.7
"3332",874.5
"3333",861.4
"3334",874.9
"3335",864.2
"3336",864.6
"3337",865.7
"3338",866.5
"3339",871.6
"3340",872.6
"3341",863.5
"3342",880.8
"3343",883.7
"3344",899.6
"3345",892.8
"3346",888.6
"3347",884.5
"3348",883.9
"3349",888.8
"3350",883.7
"3351",897.2
"3352",893.7
"3353",901
"3354",904
"3355",911.2
"3356",904.7
"3357",918.8
"3358",903.6
"3359",903.4
"3360",914.9
"3361",905.1
"3362",938.7
"3363",939.4
"3364",923.3
"3365",930.2
"3366",934.6
"3367",921.7
"3368",928
"3369",935.2
"3370",955.5
"3371",976.4
"3372",976.2
"3373",979.4
"3374",978.9
"3375",976.3
"3376",970.1
"3377",19.5
"3378",17
"3379",15.8
"3380",32.9
"3381",37
"3382",25.1
"3383",29.6
"3384",27.4
"3385",29.7
"3386",29.2
"3387",29.4
"3388",32
"3389",24.8
"3390",28.5
"3391",25.6
"3392",30.5
"3393",56.2
"3394",44
"3395",53.1
"3396",50.3
"3397",53.9
"3398",79.1
"3399",78.9
"3400",86.8
"3401",88.4
"3402",87.7
"3403",81.3
"3404",90.2
"3405",99.5
"3406",99.5
"3407",96
"3408",97.7
"3409",98.4
"3410",109.3
"3411",110.1
"3412",108.7
"3413",111.5
"3414",131.7
"3415",129.6
"3416",122.2
"3417",134.3
"3418",133.7
"3419",123.6
"3420",124.2
"3421",124.5
"3422",141.2
"3423",140.7
"3424",150.9
"3425",158.1
"3426",144.1
"3427",141.8
"3428",145.3
"3429",142.3
"3430",143.5
"3431",169.2
"3432",171.9
"3433",168
"3434",177.5
"3435",179.9
"3436",177.3
"3437",176.7
"3438",177.6
"3439",165
"3440",194.7
"3441",206
"3442",219.8
"3443",233.7
"3444",230.8
"3445",252
"3446",252.3
"3447",256.5
"3448",242.4
"3449",279.7
"3450",266
"3451",279.7
"3452",299.2
"3453",287.4
"3454",291.3
"3455",285.4
"3456",284.2
"3457",289.7
"3458",302
"3459",309.5
"3460",317.4
"3461",317.1
"3462",311.7
"3463",320.1
"3464",331
"3465",321.5
"3466",324.4
"3467",323.8
"3468",323.4
"3469",326.1
"3470",345.5
"3471",351.5
"3472",355.3
"3473",426.3
"3474",457.4
"3475",448.3
"3476",442.9
"3477",457.1
"3478",452.8
"3479",467.8
"3480",479.6
"3481",495.2
"3482",484.5
"3483",514.9
"3484",506.8
"3485",509.8
"3486",511.5
"3487",538.3
"3488",537.2
"3489",539.7
"3490",520.2
"3491",533.6
"3492",536.2
"3493",558.3
"3494",541.4
"3495",554.1
"3496",576.3
"3497",574.2
"3498",572.9
"3499",562.1
"3500",572.2
"3501",580.1
"3502",596.9
"3503",605.7
"3504",607.9
"3505",615.7
"3506",616.4
"3507",603.7
"3508",605.1
"3509",616.8
"3510",623.8
"3511",637.9
"3512",637.6
"3513",651.8
"3514",655.1
"3515",644.1
"3516",645.7
"3517",648.6
"3518",640.3
"3519",666.6
"3520",674.6
"3521",684.7
"3522",684.3
"3523",695.7
"3524",685.1
"3525",685.9
"3526",711.6
"3527",701.7
"3528",701.9
"3529",730.9
"3530",730.8
"3531",732.9
"3532",721.7
"3533",727.8
"3534",733.2
"3535",732
"3536",720.7
"3537",733.6
"3538",730.4
"3539",742.8
"3540",747.9
"3541",751.8
"3542",750.5
"3543",774.4
"3544",777.5
"3545",778.3
"3546",782
"3547",798.8
"3548",786.2
"3549",799.6
"3550",815.5
"3551",805.5
"3552",804.9
"3553",800.1
"3554",812.3
"3555",837
"3556",824.2
"3557",824.8
"3558",825.4
"3559",833.4
"3560",826.4
"3561",821.7
"3562",833.9
"3563",826.1
"3564",829.8
"3565",858.7
"3566",841.1
"3567",845.1
"3568",851.4
"3569",853.9
"3570",859.8
"3571",858.3
"3572",847.4
"3573",845.5
"3574",840.6
"3575",863.3
"3576",861.2
"3577",878.5
"3578",863.1
"3579",865.2
"3580",866.6
"3581",860.1
"3582",869.4
"3583",877.5
"3584",869.8
"3585",865
"3586",865.4
"3587",892.9
"3588",890.7
"3589",890.6
"3590",884.4
"3591",894.9
"3592",893
"3593",883
"3594",934.1
"3595",930.4
"3596",936.3
"3597",925
"3598",941.3
"3599",953.5
"3600",965.5
"3601",969.7
"3602",971.9
"3603",970.6
"3604",998.5
